image_name,label
42953.png,0
23058.png,0
13894.png,0
37408.png,0
82403.png,0
16952.png,0
76932.png,0
70914.png,0
02973.png,0
58306.png,0
79351.png,1
34096.png,0
25489.png,1
19324.png,0
79346.png,0
13426.png,0
97628.png,0
14238.png,0
28936.png,0
59784.png,0
02146.png,0
70146.png,0
28061.png,0
97180.png,0
49752.png,0
25610.png,0
15872.png,0
72640.png,1
64318.png,0
17956.png,0
93547.png,1
10743.png,0
37091.png,0
25719.png,0
76825.png,0
72598.png,0
43078.png,0
51846.png,0
01569.png,0
95812.png,0
06418.png,0
53976.png,0
70193.png,0
60427.png,0
78395.png,0
04876.png,0
92075.png,0
86354.png,0
74386.png,1
59613.png,0
10263.png,0
48279.png,0
52610.png,1
58371.png,0
27401.png,0
89574.png,0
25473.png,0
47913.png,0
08295.png,0
02497.png,0
90471.png,0
69357.png,1
54602.png,1
15320.png,0
63182.png,0
20619.png,1
82457.png,0
81059.png,0
42137.png,0
74530.png,1
40832.png,0
46127.png,0
87594.png,0
12548.png,0
12894.png,0
02476.png,0
06937.png,0
05762.png,0
40259.png,0
85072.png,0
46537.png,0
56432.png,0
39805.png,0
29163.png,1
36072.png,0
60147.png,0
90583.png,1
38612.png,0
52097.png,1
34961.png,0
15803.png,1
89762.png,0
38465.png,0
53289.png,0
75321.png,1
18350.png,0
91547.png,0
30247.png,0
93741.png,0
51243.png,0
05384.png,0
01845.png,0
34791.png,1
41385.png,0
34508.png,1
80521.png,0
34165.png,0
93072.png,1
25468.png,1
09617.png,0
96258.png,0
96578.png,1
35618.png,0
05249.png,0
57349.png,0
78409.png,1
29814.png,1
20568.png,0
84269.png,0
68079.png,0
41537.png,0
12890.png,0
54102.png,1
63217.png,0
03271.png,0
35264.png,0
63710.png,1
12348.png,0
14052.png,1
81064.png,0
74391.png,0
36152.png,0
80256.png,0
21948.png,0
70532.png,0
25806.png,0
26759.png,1
27398.png,0
18730.png,0
75216.png,0
91754.png,0
42153.png,0
83456.png,1
18673.png,0
97523.png,0
24631.png,1
23748.png,0
69412.png,0
59073.png,0
28405.png,0
63492.png,0
92670.png,0
78351.png,0
79856.png,0
71436.png,0
03258.png,1
20736.png,1
50487.png,0
06431.png,0
51473.png,1
34901.png,0
28793.png,0
05172.png,0
98501.png,0
96231.png,0
81673.png,0
48635.png,1
43612.png,1
15480.png,1
41830.png,0
81069.png,0
72584.png,0
51763.png,0
06873.png,1
08523.png,1
06359.png,0
93260.png,0
40839.png,0
08516.png,0
53012.png,0
76250.png,1
26198.png,0
61952.png,0
80269.png,1
05712.png,0
72941.png,0
21853.png,0
35219.png,1
90146.png,0
51278.png,0
63095.png,0
96058.png,0
56871.png,1
25180.png,1
37259.png,0
48106.png,1
19352.png,0
65213.png,0
24368.png,0
58426.png,0
96785.png,0
40567.png,0
38625.png,1
04823.png,0
25368.png,1
93826.png,0
56392.png,0
30986.png,0
75823.png,0
84072.png,0
93147.png,0
92874.png,1
27946.png,1
93614.png,0
93521.png,1
02691.png,0
91708.png,0
25783.png,0
16098.png,0
30452.png,0
86491.png,0
14530.png,1
81734.png,0
04683.png,0
08593.png,1
92608.png,0
61453.png,0
39601.png,0
12035.png,0
56482.png,1
56287.png,0
19036.png,0
34852.png,1
62804.png,0
81579.png,0
80247.png,0
52890.png,0
02485.png,0
50793.png,0
13857.png,0
43617.png,0
70942.png,0
49601.png,0
35102.png,0
10659.png,0
36081.png,1
68325.png,1
39256.png,0
98362.png,1
38475.png,0
49083.png,0
45938.png,1
67823.png,0
70928.png,0
24309.png,0
70925.png,1
05269.png,0
61278.png,0
81675.png,0
38629.png,0
06458.png,0
71364.png,1
26794.png,0
85704.png,0
75102.png,0
91268.png,0
42179.png,1
35097.png,0
83570.png,0
56490.png,1
07968.png,1
81259.png,1
19753.png,1
61480.png,1
54790.png,0
43517.png,1
25068.png,0
35861.png,0
92741.png,0
51736.png,1
26417.png,0
18407.png,0
47326.png,0
50768.png,0
86594.png,0
63581.png,0
95426.png,1
10264.png,0
79312.png,0
17832.png,0
15432.png,0
34506.png,0
30492.png,0
31794.png,0
04175.png,1
61578.png,0
31479.png,1
17659.png,0
29785.png,0
17205.png,1
74132.png,1
15649.png,0
51460.png,0
60329.png,0
58276.png,0
40752.png,0
79315.png,0
03241.png,1
38041.png,0
40897.png,0
56180.png,0
37865.png,0
36974.png,0
61780.png,1
81546.png,1
75432.png,0
48703.png,0
81706.png,0
42319.png,0
02139.png,0
93568.png,1
06832.png,1
20971.png,0
70936.png,0
04278.png,0
56024.png,0
53941.png,1
49270.png,0
67485.png,0
92417.png,0
26305.png,0
61234.png,0
59064.png,0
17634.png,0
03246.png,0
97635.png,1
09634.png,1
49630.png,0
60173.png,0
38490.png,0
68423.png,0
76258.png,1
39652.png,0
70435.png,1
08654.png,1
37402.png,0
26795.png,0
60317.png,0
34805.png,0
01389.png,0
80361.png,1
74536.png,1
15283.png,0
75340.png,1
96153.png,0
63917.png,0
38529.png,0
92016.png,1
79054.png,0
06471.png,1
07698.png,0
01896.png,0
76354.png,0
80237.png,0
71045.png,0
67084.png,0
68507.png,1
58096.png,0
04263.png,1
26043.png,0
26031.png,0
64701.png,0
26495.png,1
81963.png,0
56972.png,0
83127.png,0
10827.png,0
56378.png,1
50273.png,0
25397.png,1
46058.png,0
06218.png,0
02849.png,1
69042.png,0
41853.png,0
70652.png,0
27943.png,0
68159.png,0
91704.png,1
94823.png,0
63285.png,1
42693.png,1
64027.png,1
20751.png,1
94351.png,1
27489.png,0
81394.png,0
59467.png,1
71906.png,0
81265.png,0
67384.png,1
21086.png,1
40153.png,1
31025.png,0
68042.png,0
70549.png,0
48612.png,0
05183.png,0
27430.png,0
13859.png,0
68379.png,1
25037.png,0
16380.png,0
25861.png,0
59478.png,1
71249.png,0
12673.png,0
74235.png,0
63275.png,0
17830.png,0
48625.png,0
93216.png,0
19256.png,1
43201.png,0
38127.png,0
53962.png,0
76213.png,0
28317.png,0
03251.png,0
09132.png,0
54973.png,0
04651.png,0
78560.png,0
95317.png,1
16490.png,1
13876.png,1
80239.png,0
19540.png,0
61927.png,0
52903.png,1
56389.png,1
64805.png,1
74038.png,0
86530.png,0
92450.png,0
79103.png,1
94721.png,0
89042.png,1
27034.png,1
67198.png,0
09347.png,0
54276.png,0
36472.png,0
15938.png,0
87049.png,0
54761.png,0
30628.png,0
91375.png,0
87530.png,0
05129.png,1
34658.png,1
42387.png,0
67415.png,1
86054.png,0
29517.png,0
28704.png,0
72531.png,0
27953.png,1
07249.png,0
75403.png,0
30948.png,0
38245.png,0
89160.png,0
93658.png,0
32046.png,0
04568.png,0
54817.png,1
42786.png,0
58197.png,0
92185.png,0
38704.png,1
75481.png,0
42309.png,1
04253.png,0
28971.png,0
26741.png,0
03685.png,0
40286.png,0
14695.png,0
59837.png,1
54397.png,0
07192.png,1
01392.png,0
67219.png,0
14697.png,0
68194.png,0
32468.png,0
01524.png,1
60937.png,0
75428.png,1
67512.png,0
83492.png,0
94617.png,0
65320.png,0
32765.png,0
04326.png,1
65413.png,0
76034.png,0
52986.png,1
36981.png,0
63140.png,0
68307.png,0
75182.png,0
89610.png,1
69137.png,0
17829.png,0
90165.png,0
37641.png,1
32485.png,0
78906.png,0
41258.png,0
04296.png,0
56841.png,0
01658.png,0
85062.png,0
89740.png,1
53278.png,0
67159.png,1
95683.png,0
85271.png,0
16409.png,0
17504.png,0
62739.png,0
85421.png,0
29731.png,0
74152.png,1
61802.png,1
96143.png,1
53714.png,0
79358.png,0
34920.png,0
63415.png,0
51734.png,1
80534.png,0
61485.png,0
89603.png,0
16784.png,0
80169.png,1
54936.png,0
83290.png,0
97816.png,0
73562.png,0
42368.png,1
15743.png,0
96073.png,0
85362.png,0
25968.png,0
40965.png,0
41568.png,1
71289.png,0
08172.png,0
60128.png,1
84703.png,1
04325.png,0
07258.png,1
98764.png,0
04162.png,0
06357.png,0
68947.png,0
25639.png,1
52738.png,0
47598.png,0
09716.png,0
08632.png,1
78520.png,0
82763.png,0
38427.png,1
38156.png,0
62358.png,0
48317.png,0
20759.png,1
76328.png,0
20879.png,0
62435.png,1
62849.png,1
19586.png,0
84120.png,0
81630.png,0
41032.png,0
35910.png,0
07591.png,0
62081.png,1
85923.png,1
45912.png,0
87031.png,0
06483.png,1
64130.png,0
31074.png,0
82637.png,0
12349.png,1
43128.png,1
29761.png,0
17495.png,0
15409.png,0
59317.png,0
78469.png,1
12867.png,1
26497.png,0
65980.png,0
27139.png,0
23690.png,0
64853.png,1
01492.png,0
97542.png,0
98561.png,0
18597.png,0
92467.png,0
73204.png,1
58604.png,1
93086.png,1
16278.png,1
40932.png,1
96824.png,0
92453.png,0
89162.png,0
82379.png,0
31765.png,0
72504.png,0
10492.png,1
67894.png,0
78124.png,0
48756.png,0
41803.png,0
78465.png,1
42015.png,0
67214.png,1
37548.png,0
73241.png,0
27816.png,0
79613.png,0
86051.png,0
03957.png,0
18693.png,0
23061.png,0
67809.png,0
72893.png,1
59231.png,0
59346.png,0
32768.png,0
76138.png,1
15902.png,0
23849.png,0
60729.png,1
54976.png,0
36480.png,0
46251.png,0
45698.png,0
79286.png,0
01526.png,0
75832.png,0
91283.png,0
16539.png,0
95108.png,0
95174.png,0
45706.png,0
40291.png,1
39821.png,0
41923.png,0
32714.png,0
85960.png,0
46910.png,1
46178.png,0
80924.png,1
81094.png,0
37809.png,0
62314.png,0
81436.png,0
29376.png,0
96508.png,0
76892.png,0
13096.png,1
94710.png,1
52496.png,0
56708.png,0
27605.png,0
80792.png,0
42317.png,0
23715.png,1
14360.png,0
74631.png,0
82134.png,1
76814.png,0
75928.png,1
13459.png,0
92867.png,0
02519.png,1
21354.png,0
73810.png,0
47862.png,0
94378.png,0
86912.png,1
52974.png,1
87203.png,0
32051.png,0
40896.png,0
05984.png,0
65328.png,0
15630.png,0
80629.png,0
73596.png,0
21346.png,0
20835.png,1
13690.png,0
07983.png,0
15648.png,1
34675.png,0
59684.png,0
25706.png,0
03298.png,0
53204.png,0
62514.png,0
59376.png,1
89061.png,0
73045.png,0
43675.png,0
18203.png,1
26034.png,0
67984.png,1
62408.png,0
30958.png,0
35218.png,0
96840.png,1
83510.png,0
67109.png,1
29813.png,1
68715.png,0
92478.png,0
91423.png,1
13068.png,0
69542.png,0
19247.png,0
03187.png,0
03574.png,0
92514.png,0
89102.png,1
10538.png,0
05841.png,1
28074.png,0
34862.png,0
24581.png,0
70843.png,0
31568.png,0
60592.png,1
15824.png,0
64017.png,0
63871.png,0
41562.png,0
20876.png,0
21908.png,0
76851.png,0
67431.png,0
65124.png,0
46902.png,0
85426.png,0
04798.png,0
31897.png,0
93275.png,0
47618.png,0
81975.png,0
85729.png,0
54917.png,0
69158.png,0
86451.png,0
10328.png,1
71485.png,0
71583.png,0
21403.png,0
95482.png,0
79610.png,0
76140.png,1
35917.png,1
01475.png,1
49185.png,1
16480.png,0
20617.png,1
16058.png,0
70849.png,0
78306.png,0
97623.png,1
92314.png,1
52406.png,0
71230.png,0
90786.png,1
62458.png,0
40137.png,0
38069.png,0
20819.png,0
20163.png,0
50248.png,0
83619.png,1
26459.png,0
30412.png,0
97035.png,1
74602.png,0
93650.png,0
95742.png,0
93410.png,0
75203.png,1
54286.png,0
02841.png,0
93076.png,0
89407.png,0
65728.png,0
75841.png,0
38624.png,1
36187.png,0
47095.png,1
51746.png,0
32876.png,1
21408.png,1
64513.png,0
10527.png,0
45891.png,0
21096.png,0
57043.png,0
85413.png,0
06392.png,0
97316.png,1
47290.png,0
03971.png,0
65237.png,0
53017.png,0
13769.png,0
73258.png,0
90278.png,1
34186.png,1
70594.png,0
74019.png,0
34581.png,1
13486.png,1
18607.png,0
36048.png,0
16283.png,0
72058.png,0
70315.png,0
49076.png,0
98351.png,1
57164.png,1
35460.png,0
69342.png,1
63295.png,1
87504.png,0
85614.png,0
18650.png,1
83014.png,0
41986.png,0
50867.png,1
51092.png,0
20945.png,0
91562.png,0
81720.png,0
78031.png,1
84351.png,0
69078.png,0
58463.png,0
05123.png,1
53924.png,0
90481.png,0
30847.png,1
71392.png,0
25640.png,0
52931.png,0
50461.png,0
83941.png,0
70654.png,1
71398.png,0
37182.png,1
48920.png,0
06439.png,0
05798.png,0
59261.png,0
09831.png,1
75138.png,1
35412.png,0
89170.png,0
30276.png,0
81263.png,0
32089.png,0
92081.png,0
71052.png,1
45960.png,0
19630.png,0
18275.png,0
45836.png,0
87610.png,0
82154.png,1
49128.png,0
73652.png,0
07124.png,0
45780.png,0
58301.png,0
86907.png,0
45291.png,0
50473.png,0
89475.png,0
02769.png,0
13964.png,0
15690.png,1
06239.png,0
94678.png,0
39164.png,1
71839.png,0
74861.png,0
80532.png,0
57861.png,1
20134.png,0
96531.png,0
06798.png,0
62017.png,0
92157.png,0
63702.png,0
58326.png,0
82356.png,1
37250.png,0
24197.png,1
69018.png,0
90582.png,0
92146.png,0
83074.png,0
75210.png,0
08259.png,0
26930.png,0
75410.png,1
72456.png,1
80347.png,0
67319.png,0
53678.png,1
57029.png,0
71826.png,1
89573.png,0
67402.png,0
65139.png,1
36597.png,0
67852.png,1
40217.png,0
86143.png,0
24130.png,0
93671.png,0
07615.png,0
36581.png,0
98032.png,0
91738.png,0
53241.png,0
13249.png,1
94361.png,0
51768.png,0
58029.png,0
20379.png,1
75698.png,0
29063.png,0
80341.png,0
45036.png,0
09265.png,0
19458.png,0
71403.png,0
94062.png,0
06197.png,0
56274.png,0
63952.png,0
92546.png,0
92436.png,1
98573.png,1
15078.png,0
70384.png,0
83219.png,1
51489.png,0
07215.png,0
30687.png,0
73251.png,0
52340.png,0
28604.png,1
07312.png,0
80217.png,0
06893.png,1
93068.png,0
53184.png,0
02947.png,0
06153.png,0
94850.png,0
32750.png,0
81953.png,0
58091.png,1
98256.png,0
54319.png,1
94360.png,1
54692.png,0
01642.png,1
46150.png,0
19438.png,0
45730.png,1
30792.png,0
83901.png,0
23705.png,0
49806.png,0
40813.png,0
01468.png,0
10589.png,0
70132.png,0
65319.png,0
36281.png,0
83965.png,1
30156.png,0
61450.png,0
21078.png,1
65914.png,0
28637.png,0
92067.png,0
13652.png,1
80197.png,0
47601.png,1
86713.png,1
70329.png,0
48015.png,0
23510.png,1
07826.png,0
09867.png,1
01275.png,0
37862.png,1
37825.png,1
83064.png,1
71903.png,0
62913.png,1
13958.png,1
08164.png,1
63517.png,0
93861.png,1
51407.png,1
28574.png,1
94731.png,0
85073.png,0
04762.png,0
08125.png,1
63749.png,0
59731.png,1
98523.png,0
36079.png,0
21753.png,0
17345.png,1
97041.png,0
89640.png,1
73981.png,0
56208.png,0
07234.png,0
37021.png,1
97108.png,0
32507.png,0
03927.png,1
53607.png,1
15806.png,0
48250.png,1
70153.png,0
90183.png,1
47205.png,0
23648.png,1
28670.png,1
30742.png,1
68531.png,1
01793.png,1
70452.png,0
61483.png,0
04892.png,0
41739.png,0
62135.png,1
60573.png,0
19526.png,0
28163.png,0
04695.png,1
87513.png,0
56071.png,1
09821.png,0
42853.png,1
02795.png,0
25164.png,0
24356.png,0
53420.png,0
92180.png,0
59046.png,1
76521.png,1
75468.png,1
23164.png,0
35642.png,1
48573.png,0
38927.png,0
42813.png,0
12704.png,1
74650.png,0
30174.png,0
38402.png,0
39675.png,0
19705.png,1
05483.png,0
64059.png,0
29703.png,1
98145.png,1
76534.png,1
47582.png,0
35602.png,1
71845.png,0
13460.png,0
96402.png,1
57124.png,1
84317.png,0
14507.png,1
53194.png,1
85967.png,0
92743.png,0
63012.png,0
64523.png,0
36814.png,0
05917.png,1
25914.png,0
49705.png,1
01749.png,0
43798.png,0
18254.png,0
16548.png,0
28045.png,0
49687.png,0
93487.png,0
21035.png,0
63210.png,0
96172.png,1
48679.png,0
15638.png,0
87315.png,0
56231.png,0
91753.png,0
67091.png,0
78052.png,0
79623.png,0
82940.png,0
23908.png,1
39640.png,1
81207.png,0
73198.png,0
58321.png,0
30548.png,0
62745.png,0
14690.png,0
40916.png,1
03162.png,0
38162.png,0
98241.png,1
87326.png,0
98034.png,0
40627.png,1
84276.png,0
16053.png,0
67983.png,1
92148.png,1
84295.png,1
72658.png,0
86753.png,1
13209.png,1
81390.png,0
91034.png,0
60235.png,1
86075.png,1
30816.png,1
49063.png,0
51480.png,0
80165.png,0
89521.png,1
91764.png,0
08349.png,1
35784.png,0
95846.png,1
21560.png,0
28451.png,0
58372.png,0
94836.png,0
50312.png,1
54713.png,0
63805.png,1
35402.png,1
93084.png,0
85743.png,0
54639.png,0
94628.png,0
74513.png,1
69348.png,0
74062.png,0
39815.png,0
62931.png,1
95672.png,0
61382.png,0
67183.png,1
45037.png,1
28930.png,0
57042.png,1
04591.png,0
36985.png,0
48136.png,0
26973.png,0
71245.png,1
30128.png,0
05372.png,0
36478.png,0
46870.png,1
31896.png,0
82346.png,0
57348.png,1
75380.png,1
32674.png,0
20739.png,0
30549.png,0
94675.png,0
34178.png,0
71046.png,1
74190.png,0
64087.png,1
31450.png,0
27608.png,0
98245.png,0
91863.png,1
75096.png,0
78064.png,1
51972.png,0
31729.png,0
96152.png,0
09352.png,1
43650.png,0
62531.png,0
81293.png,0
38495.png,1
95281.png,0
43657.png,1
76810.png,0
06412.png,1
27365.png,0
47251.png,1
45389.png,1
08569.png,0
81260.png,1
37260.png,0
04827.png,1
09215.png,0
38752.png,0
85290.png,0
47053.png,1
06547.png,1
50386.png,0
42715.png,0
48271.png,1
19504.png,0
73956.png,0
95067.png,0
86135.png,0
41263.png,0
15847.png,0
82539.png,1
04912.png,1
34910.png,0
67092.png,0
86457.png,0
74658.png,0
67031.png,0
67810.png,1
30726.png,0
56834.png,1
46817.png,0
67938.png,0
65108.png,0
01274.png,0
17450.png,1
45301.png,0
74098.png,1
58370.png,0
36420.png,0
52910.png,0
92056.png,1
56792.png,0
69013.png,0
82916.png,0
17652.png,1
50784.png,0
81976.png,1
39541.png,0
65341.png,0
87215.png,0
45206.png,0
50683.png,0
76348.png,1
91803.png,1
71294.png,0
30745.png,1
09572.png,1
92573.png,1
75430.png,0
67504.png,0
70294.png,1
21405.png,0
36751.png,0
72698.png,1
04619.png,1
46270.png,1
81946.png,0
64531.png,0
98506.png,0
14092.png,0
43759.png,0
42156.png,0
35786.png,0
54728.png,0
02971.png,1
76489.png,0
97804.png,0
21804.png,0
28974.png,1
87639.png,0
12839.png,0
04976.png,0
28319.png,0
92835.png,1
74915.png,0
63410.png,0
25901.png,1
80259.png,1
02987.png,0
14675.png,0
37504.png,0
92581.png,0
62904.png,0
46017.png,0
68327.png,1
74589.png,1
94278.png,0
80943.png,0
19408.png,0
84653.png,1
48932.png,0
43608.png,1
93126.png,0
59824.png,1
92481.png,1
09315.png,0
76491.png,0
19763.png,1
80593.png,0
04986.png,0
80742.png,1
91402.png,0
45723.png,0
35608.png,1
13478.png,0
27634.png,0
29083.png,0
13049.png,0
96423.png,0
49150.png,1
82651.png,1
68719.png,0
51964.png,1
50738.png,1
58421.png,0
16435.png,1
95783.png,1
30871.png,1
71390.png,0
67259.png,1
64789.png,0
23068.png,0
65207.png,0
82549.png,0
54629.png,0
16072.png,1
01974.png,1
36945.png,0
82593.png,1
17532.png,0
09217.png,0
07248.png,1
29714.png,1
79205.png,0
76581.png,1
01842.png,0
86934.png,1
71823.png,0
43758.png,0
47521.png,0
81904.png,1
31809.png,0
46380.png,0
91026.png,0
54170.png,0
07926.png,0
83076.png,1
20851.png,1
30829.png,0
12649.png,0
12936.png,1
20318.png,0
09248.png,0
48309.png,0
52780.png,0
18679.png,1
02457.png,1
14283.png,0
61289.png,0
48391.png,0
90345.png,0
86159.png,1
38706.png,0
21583.png,0
75921.png,0
10948.png,1
51367.png,1
57284.png,0
59034.png,0
25093.png,0
90378.png,0
10725.png,0
27416.png,1
79451.png,1
92734.png,0
46182.png,0
28507.png,1
52936.png,0
56497.png,0
59380.png,0
80925.png,0
72634.png,0
83061.png,0
23074.png,0
19742.png,1
71849.png,1
51349.png,0
20183.png,1
16298.png,0
80152.png,0
84593.png,0
07592.png,0
12958.png,1
15236.png,0
91563.png,0
32798.png,0
25904.png,0
56942.png,0
27854.png,0
63548.png,0
38697.png,0
12450.png,1
37859.png,1
02917.png,1
03759.png,0
19543.png,1
59048.png,0
34728.png,0
78619.png,0
18029.png,0
02945.png,1
64720.png,1
37184.png,0
34021.png,1
72936.png,1
84265.png,1
28695.png,1
43658.png,0
80769.png,0
43096.png,0
47629.png,1
41538.png,1
04786.png,1
98270.png,0
75021.png,1
86254.png,0
80241.png,0
04356.png,0
78639.png,0
50964.png,0
82941.png,0
39475.png,1
84061.png,0
38609.png,0
46938.png,0
86914.png,1
97481.png,0
92187.png,0
79032.png,1
85097.png,1
49861.png,1
34620.png,1
80327.png,0
60357.png,1
68901.png,0
86045.png,1
39704.png,0
24860.png,1
05741.png,0
64532.png,1
12094.png,0
98601.png,0
68270.png,1
59237.png,0
07582.png,0
94205.png,0
17430.png,1
09465.png,1
52034.png,0
98734.png,1
94725.png,0
91356.png,1
40826.png,0
31472.png,0
17589.png,1
87260.png,0
39765.png,0
95376.png,1
45197.png,0
83095.png,1
27461.png,1
35740.png,0
80425.png,0
74901.png,0
93152.png,0
34671.png,0
98571.png,0
20195.png,1
05813.png,0
43185.png,0
03615.png,0
05148.png,1
41679.png,1
93852.png,0
68941.png,0
65931.png,0
17948.png,1
51708.png,0
31029.png,0
91052.png,1
10463.png,0
57490.png,0
76924.png,0
81294.png,1
47569.png,1
75209.png,1
82603.png,1
61527.png,0
41087.png,0
91845.png,0
56128.png,1
24395.png,1
18236.png,0
42056.png,1
74890.png,1
40759.png,0
51476.png,1
86071.png,1
41037.png,1
17965.png,0
64870.png,1
76285.png,1
05672.png,0
57926.png,0
95064.png,0
87409.png,1
09382.png,0
84629.png,0
13986.png,0
72964.png,0
73205.png,0
28610.png,1
67312.png,0
17536.png,0
43190.png,0
47518.png,1
92768.png,1
45208.png,0
56917.png,0
07916.png,0
41869.png,1
75290.png,1
18052.png,0
03296.png,0
03268.png,0
46238.png,0
40716.png,0
74061.png,1
51387.png,1
30527.png,1
78345.png,0
85132.png,0
35048.png,1
65741.png,1
52761.png,0
47531.png,0
58476.png,0
97805.png,0
89245.png,1
04918.png,0
71086.png,0
84620.png,1
35671.png,1
49178.png,0
70562.png,0
60134.png,1
35640.png,0
58674.png,0
08641.png,0
54038.png,0
37284.png,1
87263.png,1
84209.png,0
31406.png,0
74198.png,1
70851.png,0
49618.png,0
79823.png,1
61347.png,0
50286.png,1
21936.png,0
79280.png,0
28639.png,0
34698.png,0
71380.png,0
32549.png,1
83025.png,1
29463.png,0
49725.png,0
58176.png,0
80765.png,0
40257.png,1
42315.png,0
06375.png,0
15298.png,0
35017.png,0
48216.png,0
03845.png,1
89634.png,1
60451.png,1
23158.png,1
53206.png,0
68713.png,0
98574.png,0
93208.png,1
72490.png,0
18257.png,1
07285.png,0
98425.png,1
79385.png,0
79845.png,0
51304.png,0
05912.png,0
16874.png,0
79425.png,0
12784.png,0
89314.png,0
23940.png,0
63715.png,0
96417.png,0
23746.png,1
32695.png,0
95478.png,1
49153.png,1
05719.png,1
49810.png,0
92375.png,1
31495.png,0
18294.png,0
61257.png,0
31640.png,1
08476.png,0
83907.png,1
50372.png,0
03418.png,0
87023.png,1
83125.png,1
01568.png,1
23416.png,0
47615.png,0
96127.png,0
17493.png,1
63578.png,0
17458.png,0
67348.png,0
23478.png,0
78302.png,0
06725.png,0
76032.png,0
54708.png,0
18546.png,0
52867.png,1
31295.png,0
29675.png,1
69503.png,0
84563.png,1
96845.png,0
73814.png,0
95684.png,0
89267.png,0
42503.png,1
50413.png,0
42865.png,0
54962.png,1
67843.png,1
40372.png,1
04719.png,0
05421.png,0
64175.png,0
36910.png,0
26085.png,0
39158.png,0
10692.png,0
42816.png,1
71396.png,1
49762.png,0
02548.png,0
87125.png,0
42608.png,0
29851.png,1
64153.png,1
06945.png,0
84537.png,0
74609.png,1
35168.png,0
43085.png,0
97184.png,0
58329.png,0
57630.png,1
76035.png,0
94571.png,1
83794.png,0
79680.png,1
21089.png,1
87261.png,1
91872.png,0
81625.png,0
50471.png,1
27169.png,1
37084.png,0
48917.png,1
75230.png,0
91786.png,1
06847.png,0
01293.png,0
81349.png,0
69708.png,0
96517.png,1
56812.png,0
83607.png,0
18274.png,1
85209.png,0
40216.png,0
18296.png,0
32576.png,0
08147.png,0
60254.png,0
85034.png,1
85741.png,0
30896.png,0
59743.png,0
69728.png,1
72638.png,0
03124.png,0
69520.png,1
06985.png,0
12086.png,1
63712.png,1
64385.png,0
37294.png,0
30675.png,1
26419.png,0
10839.png,0
61407.png,0
98154.png,0
75382.png,1
63501.png,0
25096.png,0
19752.png,0
38109.png,0
36240.png,0
80576.png,1
42871.png,1
57260.png,0
34960.png,0
71302.png,0
50263.png,1
59163.png,0
70865.png,0
98756.png,1
81645.png,0
72095.png,0
87126.png,1
32490.png,1
34587.png,0
61207.png,1
46183.png,1
95724.png,0
29507.png,0
86705.png,0
10493.png,0
70196.png,1
63105.png,0
19507.png,0
60841.png,1
20738.png,1
07436.png,0
27860.png,1
21957.png,1
57298.png,0
89320.png,0
23806.png,1
27395.png,0
19326.png,0
30518.png,0
67413.png,0
98714.png,1
45316.png,1
83296.png,0
87649.png,0
12495.png,0
45016.png,0
69842.png,0
48739.png,1
26409.png,0
24061.png,0
40629.png,0
94860.png,0
61492.png,0
37829.png,0
26489.png,0
75092.png,1
80615.png,0
38574.png,0
86504.png,0
89743.png,0
07463.png,0
46387.png,0
23048.png,0
64723.png,1
27351.png,0
20146.png,0
09615.png,0
58019.png,1
14728.png,0
29574.png,1
15846.png,0
62301.png,0
12604.png,0
83257.png,0
79614.png,1
78125.png,1
31205.png,0
89123.png,1
61250.png,0
16849.png,1
56938.png,0
63201.png,0
47136.png,1
37296.png,0
14263.png,0
79581.png,1
27405.png,1
68429.png,0
27468.png,1
09827.png,0
67195.png,1
62178.png,1
94356.png,0
29475.png,0
13276.png,0
34180.png,1
12754.png,0
73926.png,0
65829.png,0
87149.png,1
53827.png,0
46980.png,0
20673.png,0
56791.png,0
91367.png,1
76098.png,0
26894.png,0
16537.png,0
34670.png,1
51682.png,1
49021.png,0
90574.png,1
98072.png,0
80154.png,0
23071.png,0
58027.png,0
48103.png,0
64321.png,0
62158.png,1
37459.png,0
82705.png,1
74913.png,0
59203.png,1
94013.png,0
42687.png,0
97045.png,0
26903.png,0
47596.png,1
93728.png,1
67142.png,1
62108.png,0
52837.png,1
37214.png,0
57103.png,0
43259.png,0
78902.png,0
83152.png,1
61948.png,1
09843.png,1
14259.png,1
72356.png,0
71943.png,0
70825.png,0
85439.png,1
70324.png,1
78091.png,0
27436.png,0
68520.png,0
67125.png,0
46928.png,0
21809.png,0
82563.png,0
16920.png,0
85461.png,1
40385.png,1
20435.png,0
30142.png,0
71309.png,0
25401.png,1
39560.png,0
45609.png,0
85964.png,0
20498.png,0
86437.png,0
45297.png,0
63587.png,0
31678.png,0
54301.png,1
51687.png,0
49168.png,0
29764.png,0
79512.png,0
54601.png,0
63051.png,0
71389.png,0
79516.png,0
17234.png,0
75018.png,0
65273.png,1
02935.png,0
05214.png,1
10843.png,0
72358.png,0
36429.png,0
47985.png,0
01576.png,0
82673.png,0
40865.png,1
71528.png,0
10345.png,0
13602.png,0
48936.png,0
46027.png,1
02467.png,0
13045.png,0
16059.png,0
92370.png,0
92501.png,1
52068.png,0
78054.png,0
58971.png,0
09785.png,0
41637.png,0
51248.png,0
89325.png,0
71265.png,0
05781.png,0
32617.png,0
23754.png,1
50236.png,0
58637.png,0
81624.png,1
71836.png,0
36092.png,0
62485.png,1
18963.png,1
98670.png,1
41769.png,0
27048.png,0
74310.png,0
65087.png,0
69415.png,0
52978.png,0
05468.png,0
94620.png,0
41086.png,1
28613.png,1
19248.png,0
07618.png,0
43527.png,0
37185.png,1
46172.png,0
18074.png,1
31960.png,1
71095.png,1
61859.png,1
83150.png,1
47918.png,1
50149.png,0
37204.png,0
25170.png,0
30591.png,0
26538.png,0
98157.png,0
34217.png,0
32416.png,0
49758.png,0
15064.png,1
94786.png,0
32650.png,0
34078.png,0
29148.png,0
18926.png,0
38251.png,0
74920.png,0
65240.png,0
91270.png,0
37819.png,0
45691.png,1
35091.png,0
91537.png,1
62710.png,1
76214.png,1
03681.png,0
79053.png,0
15493.png,0
49017.png,0
45209.png,1
52130.png,0
46510.png,0
16520.png,1
12675.png,0
08395.png,1
75192.png,0
34806.png,0
28605.png,1
07465.png,0
53914.png,0
17392.png,0
42675.png,0
49785.png,0
80957.png,1
91536.png,0
69807.png,1
72945.png,1
50894.png,1
93610.png,0
09251.png,1
90753.png,0
39645.png,0
24980.png,0
31709.png,0
93286.png,0
64781.png,0
23514.png,0
64320.png,0
10867.png,0
95803.png,1
62791.png,0
83215.png,1
97604.png,0
05716.png,0
81705.png,0
04187.png,0
52619.png,0
38720.png,0
15029.png,1
08624.png,1
41925.png,1
80932.png,0
45930.png,0
19647.png,0
36842.png,0
31629.png,1
19426.png,0
40953.png,0
07469.png,0
38209.png,1
87235.png,0
42160.png,0
49670.png,1
45126.png,1
86329.png,1
48930.png,1
12039.png,0
14632.png,1
64350.png,1
62084.png,0
28049.png,0
56290.png,0
28935.png,1
35417.png,0
93082.png,0
56249.png,1
23140.png,0
68371.png,1
78039.png,1
36014.png,0
86273.png,0
23504.png,1
72608.png,0
10238.png,0
35247.png,1
46978.png,0
40857.png,0
93128.png,1
63784.png,1
81296.png,0
37058.png,1
34028.png,0
98064.png,0
76483.png,0
92354.png,0
71830.png,0
06541.png,1
21569.png,1
04863.png,0
87429.png,1
94350.png,1
24189.png,1
26073.png,1
61908.png,0
46310.png,1
89302.png,1
85901.png,0
26179.png,0
59072.png,0
41387.png,0
08415.png,0
38547.png,1
82674.png,0
12608.png,0
02413.png,0
51627.png,0
26318.png,1
79584.png,1
09547.png,0
69470.png,0
08546.png,1
52803.png,1
63251.png,1
14823.png,1
14520.png,0
57602.png,0
46813.png,0
70368.png,1
40791.png,0
65908.png,0
15738.png,1
63417.png,0
51237.png,0
30286.png,0
07254.png,1
12837.png,1
95814.png,0
52716.png,0
65940.png,0
39175.png,0
68903.png,0
04287.png,1
26319.png,1
24653.png,0
13248.png,0
41958.png,1
17054.png,1
52960.png,0
81245.png,1
90127.png,0
03871.png,1
71625.png,1
84907.png,0
09376.png,0
92408.png,1
41325.png,0
57826.png,1
52318.png,0
63025.png,1
35902.png,0
90573.png,0
73154.png,1
19234.png,0
83764.png,1
30697.png,0
48162.png,1
18942.png,0
23450.png,0
01327.png,0
70194.png,1
65380.png,0
34652.png,1
15439.png,0
83921.png,1
46857.png,0
69140.png,1
35016.png,0
87351.png,0
39452.png,0
75320.png,0
46983.png,0
01875.png,0
79854.png,1
35271.png,0
79321.png,1
31426.png,1
26379.png,0
81902.png,0
81602.png,1
78631.png,0
90365.png,0
63187.png,1
15893.png,1
60741.png,0
78401.png,1
84152.png,1
46952.png,0
69237.png,0
59260.png,1
51978.png,0
19027.png,0
71645.png,0
06194.png,1
50723.png,1
07839.png,0
52316.png,1
97842.png,1
28976.png,0
46198.png,0
14837.png,0
71206.png,0
30824.png,0
07931.png,1
02983.png,0
15674.png,0
64193.png,1
65378.png,0
28765.png,0
30462.png,0
46301.png,1
32806.png,0
59362.png,0
34915.png,1
97102.png,1
71486.png,0
56281.png,0
69024.png,0
86910.png,1
97413.png,0
97564.png,0
79806.png,0
12309.png,0
17598.png,0
61032.png,0
62384.png,0
52743.png,1
52904.png,1
06325.png,0
17483.png,0
21943.png,0
28195.png,0
46315.png,1
10256.png,1
19650.png,0
07523.png,1
24905.png,0
69017.png,0
09413.png,1
37140.png,1
58164.png,0
01578.png,1
12460.png,1
73514.png,0
28197.png,1
28043.png,0
32401.png,0
34095.png,0
52089.png,0
25103.png,1
41389.png,1
93124.png,0
32985.png,0
68549.png,1
05189.png,0
96078.png,0
18490.png,0
03795.png,1
86512.png,0
32160.png,0
47031.png,1
50142.png,0
58310.png,0
42510.png,1
37542.png,1
41795.png,0
18937.png,0
14037.png,1
90568.png,0
08534.png,1
42751.png,0
69518.png,1
97162.png,0
31560.png,0
14893.png,0
45371.png,0
54367.png,0
35708.png,0
97543.png,0
36870.png,1
12570.png,0
41265.png,0
76951.png,1
16837.png,1
30157.png,0
76498.png,0
04783.png,0
59024.png,1
64051.png,1
90148.png,0
85092.png,0
41697.png,1
17860.png,0
24958.png,0
97160.png,1
97860.png,0
63524.png,0
70189.png,1
32587.png,1
12967.png,1
67915.png,0
03854.png,1
76938.png,1
65037.png,0
39285.png,0
67041.png,0
51680.png,0
62981.png,0
42598.png,1
05471.png,1
97105.png,0
53160.png,0
70821.png,0
62831.png,1
78904.png,0
78164.png,0
68417.png,0
68521.png,0
43961.png,0
76423.png,1
71963.png,1
07824.png,0
62850.png,0
23109.png,0
96804.png,1
38712.png,0
92541.png,0
89206.png,1
42167.png,0
14679.png,1
39416.png,1
62891.png,0
09185.png,1
58479.png,0
26315.png,0
13520.png,1
69524.png,0
45931.png,1
27041.png,0
27801.png,0
95024.png,1
93718.png,0
89072.png,1
87615.png,1
96235.png,1
35692.png,0
60389.png,1
78624.png,0
83509.png,1
87645.png,1
41362.png,1
75139.png,0
67835.png,1
04281.png,0
14920.png,0
16082.png,1
72816.png,0
36450.png,0
84106.png,1
38724.png,1
97153.png,0
35620.png,1
67439.png,1
75104.png,0
56981.png,1
56130.png,0
36725.png,1
27963.png,0
92643.png,0
94026.png,0
15926.png,0
90752.png,0
71305.png,0
83964.png,1
84392.png,0
30598.png,1
62815.png,1
13968.png,1
25436.png,0
17385.png,1
47581.png,0
52768.png,0
60827.png,0
65298.png,0
91462.png,1
48269.png,1
18940.png,1
63709.png,0
26184.png,1
09851.png,0
73924.png,0
56870.png,0
58209.png,0
69521.png,0
72396.png,0
43089.png,0
07651.png,1
28315.png,0
85136.png,0
94153.png,0
12576.png,0
03178.png,1
78035.png,0
32491.png,0
42931.png,0
91065.png,1
28957.png,1
53927.png,1
28134.png,1
85916.png,0
17230.png,0
50186.png,0
21305.png,1
76320.png,0
14086.png,0
73026.png,0
86129.png,0
64285.png,0
46785.png,0
20691.png,1
97823.png,0
70614.png,0
72340.png,1
63092.png,1
97810.png,1
94723.png,0
09156.png,1
81403.png,1
72914.png,0
47208.png,0
50148.png,0
16935.png,0
36508.png,1
39401.png,0
48062.png,0
91358.png,1
83256.png,1
56143.png,0
16280.png,0
37018.png,1
74126.png,0
38190.png,0
49387.png,0
72506.png,0
79258.png,0
80736.png,0
02965.png,1
27685.png,1
59043.png,0
46137.png,0
87196.png,0
95687.png,1
38527.png,0
71562.png,0
30629.png,1
38417.png,0
45289.png,0
14793.png,0
65103.png,0
49728.png,1
72486.png,0
53820.png,0
49726.png,1
09682.png,0
25917.png,0
16089.png,0
68019.png,1
70495.png,0
67491.png,1
80945.png,1
23091.png,0
21593.png,1
72195.png,0
30695.png,1
69043.png,0
59812.png,0
28067.png,0
13469.png,0
39784.png,1
62198.png,1
50871.png,0
74096.png,0
58769.png,0
67138.png,0
75086.png,1
78563.png,0
68971.png,0
21693.png,0
05297.png,1
86401.png,0
43197.png,0
08597.png,1
67054.png,0
84721.png,0
91654.png,1
58190.png,1
54019.png,0
68512.png,0
59672.png,0
83402.png,0
45708.png,0
46312.png,1
98305.png,0
39421.png,0
93071.png,0
69528.png,1
90861.png,1
40539.png,0
06374.png,1
12376.png,0
27134.png,1
46852.png,1
65349.png,1
91208.png,0
82079.png,1
74380.png,0
53740.png,1
09841.png,0
58349.png,0
74356.png,1
48396.png,1
95403.png,1
06934.png,0
04859.png,1
29178.png,1
69351.png,1
13798.png,0
91320.png,0
06579.png,0
47012.png,0
54632.png,1
95861.png,0
32971.png,0
91064.png,1
94506.png,0
82461.png,1
94305.png,0
64301.png,1
48697.png,1
28435.png,0
62381.png,0
34756.png,0
79815.png,0
32591.png,0
62184.png,1
59328.png,0
32647.png,1
01598.png,1
89750.png,0
93215.png,0
41063.png,1
56183.png,1
42380.png,1
21468.png,0
06539.png,0
80162.png,0
94071.png,0
50927.png,0
52490.png,1
87695.png,1
30721.png,1
23851.png,0
78104.png,0
97386.png,1
16820.png,0
20684.png,0
80316.png,1
93725.png,1
45630.png,0
13270.png,0
96150.png,0
87140.png,1
46352.png,0
64918.png,0
71348.png,0
96734.png,0
06543.png,1
49087.png,0
08452.png,0
82076.png,0
43192.png,0
58327.png,1
02459.png,1
03984.png,0
29503.png,0
34518.png,0
94162.png,0
51403.png,1
31758.png,0
17834.png,0
49786.png,0
40563.png,0
65807.png,1
40792.png,0
09267.png,1
13650.png,0
68721.png,0
32957.png,1
31547.png,1
71524.png,0
06213.png,1
56081.png,0
02194.png,0
72891.png,1
56712.png,1
35614.png,1
30957.png,1
46507.png,0
19074.png,1
38549.png,0
60598.png,1
80126.png,0
76815.png,0
98103.png,1
43956.png,1
54672.png,1
07391.png,0
29158.png,1
56709.png,0
21648.png,0
76208.png,0
95103.png,0
09486.png,0
98702.png,0
19643.png,1
94802.png,0
23905.png,0
67892.png,1
24038.png,0
96431.png,0
82045.png,0
87340.png,1
31268.png,1
82359.png,1
21043.png,1
07853.png,1
35276.png,0
96720.png,0
53980.png,1
02956.png,0
54317.png,1
05973.png,0
75319.png,0
90632.png,0
72968.png,0
38647.png,1
42810.png,1
76910.png,1
07956.png,1
49165.png,0
24537.png,1
41589.png,1
89615.png,0
12907.png,1
45396.png,1
85417.png,0
14580.png,0
63714.png,0
73561.png,1
67193.png,1
18094.png,1
37419.png,0
51943.png,0
06291.png,0
02571.png,0
62947.png,0
24857.png,0
34927.png,1
70415.png,0
29138.png,1
87063.png,1
35709.png,0
57248.png,0
37509.png,1
02761.png,0
87401.png,0
27480.png,0
73568.png,0
57802.png,1
30851.png,0
37984.png,0
91802.png,0
43721.png,0
36598.png,1
32140.png,0
21504.png,0
09834.png,0
78243.png,1
04639.png,1
74802.png,1
89561.png,1
31429.png,0
41067.png,1
48710.png,0
78069.png,1
28147.png,0
20491.png,1
28970.png,0
02385.png,0
19783.png,1
07865.png,1
14569.png,0
05931.png,0
48096.png,1
43615.png,0
91340.png,1
01295.png,1
86013.png,0
59641.png,0
63812.png,0
89264.png,1
75298.png,0
76293.png,0
07594.png,0
64758.png,0
13945.png,0
67130.png,0
94108.png,0
18267.png,1
80591.png,0
31609.png,0
12647.png,0
05872.png,1
93027.png,1
18739.png,0
25198.png,0
76183.png,0
60348.png,0
02475.png,0
04157.png,0
46827.png,0
94872.png,0
17034.png,1
47386.png,1
20149.png,1
67254.png,0
16359.png,1
28764.png,1
46013.png,0
69175.png,1
14658.png,0
25097.png,1
13960.png,1
10483.png,1
01379.png,0
27418.png,0
70281.png,1
16540.png,1
92341.png,0
71659.png,1
27304.png,0
90321.png,0
75908.png,0
98421.png,1
31204.png,1
53482.png,1
17630.png,1
60532.png,0
71902.png,1
07496.png,0
38954.png,0
48052.png,0
51683.png,1
02793.png,0
45732.png,1
59408.png,1
37180.png,1
71930.png,0
47905.png,1
30546.png,1
26149.png,0
86741.png,0
37208.png,0
76139.png,0
02594.png,1
43679.png,0
40136.png,0
09523.png,0
49278.png,0
65371.png,0
15723.png,0
13450.png,1
25943.png,0
64910.png,0
69480.png,0
65301.png,0
76254.png,0
96420.png,0
04125.png,0
43015.png,0
96034.png,0
20745.png,1
90178.png,1
61459.png,0
19430.png,0
91428.png,0
63905.png,1
56387.png,0
96873.png,0
37915.png,1
76980.png,0
90138.png,0
38416.png,0
24376.png,0
79682.png,0
36724.png,1
07628.png,1
01637.png,1
15238.png,0
48630.png,0
28751.png,0
02317.png,1
48617.png,0
21835.png,1
51029.png,0
27341.png,1
91236.png,0
05941.png,1
71692.png,0
81497.png,0
20194.png,0
04926.png,0
23501.png,1
58014.png,0
18273.png,1
98307.png,1
72814.png,0
01589.png,1
28674.png,1
69530.png,0
69758.png,0
50789.png,1
90541.png,0
09326.png,0
89350.png,0
54082.png,1
72641.png,0
14590.png,0
62789.png,0
90126.png,1
30526.png,1
82973.png,0
12374.png,0
49170.png,1
04183.png,0
92613.png,0
05987.png,1
02718.png,0
38154.png,0
71360.png,0
12507.png,1
83527.png,1
36107.png,0
72594.png,1
34190.png,0
36098.png,1
46097.png,0
36812.png,0
98625.png,0
61935.png,1
69087.png,0
51493.png,1
48357.png,0
64721.png,1
82316.png,1
58016.png,0
80153.png,0
52714.png,1
75068.png,1
63894.png,1
04185.png,0
13962.png,1
72406.png,0
83972.png,1
14362.png,0
08564.png,0
82014.png,0
94512.png,0
56429.png,0
82657.png,0
29760.png,0
49635.png,0
53068.png,0
56470.png,1
57812.png,0
31497.png,0
01682.png,1
87691.png,0
58901.png,0
94518.png,1
47620.png,1
05482.png,0
25461.png,1
09531.png,0
96452.png,1
29816.png,0
08937.png,0
84729.png,0
36197.png,0
43579.png,1
40693.png,0
75603.png,1
83692.png,1
68579.png,0
72958.png,0
85710.png,0
65019.png,0
68179.png,0
10893.png,1
18307.png,0
57134.png,1
30182.png,0
29708.png,1
14830.png,1
98134.png,1
74652.png,1
06531.png,0
43691.png,0
12453.png,0
53147.png,1
90125.png,1
56489.png,0
89417.png,0
86123.png,0
86032.png,1
17623.png,0
65094.png,0
58491.png,0
13269.png,1
81692.png,0
06794.png,0
08719.png,0
58764.png,1
71846.png,1
07895.png,0
71463.png,0
13458.png,0
82037.png,0
43906.png,0
06728.png,0
40852.png,0
40875.png,1
03145.png,1
74385.png,0
32891.png,0
24918.png,0
29513.png,1
64957.png,1
93648.png,1
91540.png,0
12597.png,0
43271.png,0
76431.png,0
14386.png,1
21869.png,1
78236.png,0
09247.png,0
21450.png,1
93618.png,0
05283.png,0
49106.png,0
40837.png,0
39106.png,0
02763.png,0
58793.png,0
42961.png,0
70612.png,1
90842.png,0
13465.png,0
67953.png,1
43907.png,0
58264.png,0
32189.png,0
05869.png,0
82631.png,0
50184.png,0
83461.png,0
37806.png,1
45307.png,1
86127.png,1
21486.png,1
45198.png,0
71825.png,0
53821.png,0
45072.png,0
16543.png,0
67521.png,1
71689.png,1
61953.png,0
35907.png,0
17405.png,0
67043.png,0
05138.png,0
07693.png,0
54912.png,0
59307.png,0
67531.png,0
83201.png,1
03528.png,0
93287.png,1
12483.png,0
51472.png,0
47051.png,0
56912.png,0
45231.png,0
68254.png,0
70296.png,0
75098.png,1
70142.png,0
30561.png,1
53140.png,1
49750.png,0
57482.png,0
02431.png,1
01829.png,0
34972.png,1
30618.png,0
42087.png,1
87345.png,1
98176.png,0
12957.png,1
31294.png,0
98627.png,0
73168.png,1
74083.png,0
92851.png,1
39612.png,0
91842.png,1
07632.png,0
02315.png,0
06175.png,0
54310.png,0
24501.png,1
20375.png,1
21746.png,0
23954.png,0
68752.png,0
12603.png,0
93164.png,0
90673.png,1
51679.png,1
52304.png,0
03429.png,0
97503.png,0
05643.png,1
30481.png,1
26370.png,0
19875.png,1
36954.png,0
02653.png,1
12093.png,0
06415.png,1
95078.png,1
05264.png,1
47385.png,0
15907.png,1
41832.png,1
52617.png,0
16259.png,0
02918.png,0
80942.png,0
31764.png,1
32841.png,1
21986.png,0
19367.png,0
41372.png,1
52431.png,0
30652.png,0
79368.png,0
86249.png,1
65809.png,1
09478.png,0
81365.png,1
90386.png,0
49351.png,0
78591.png,0
70541.png,0
67580.png,0
10983.png,0
28601.png,1
45672.png,0
58127.png,1
19845.png,1
58690.png,0
18593.png,0
12935.png,1
85492.png,0
25017.png,0
78592.png,0
84910.png,1
83740.png,0
71596.png,0
68231.png,0
51360.png,0
07293.png,1
29164.png,0
63192.png,0
81423.png,1
23498.png,0
34056.png,1
82541.png,0
49213.png,0
79014.png,0
05198.png,1
92870.png,1
50649.png,0
19502.png,1
42860.png,1
09154.png,0
90761.png,0
70624.png,0
27056.png,1
12607.png,0
27918.png,0
69405.png,1
80972.png,1
90587.png,1
76045.png,1
58924.png,0
08645.png,0
20386.png,0
90145.png,0
78132.png,1
19047.png,1
78509.png,0
30489.png,1
46921.png,0
43052.png,0
62417.png,0
78964.png,0
69251.png,0
59130.png,0
70984.png,0
93542.png,0
84523.png,0
39748.png,1
01469.png,1
18034.png,0
74598.png,0
84927.png,0
05436.png,0
45739.png,0
35182.png,0
37051.png,0
57268.png,0
32849.png,0
50961.png,1
72469.png,0
70136.png,0
86452.png,0
43725.png,1
50748.png,1
50679.png,1
56374.png,1
05134.png,0
79428.png,0
65178.png,1
32896.png,1
41706.png,0
13852.png,0
43180.png,1
18497.png,1
36498.png,1
59124.png,0
48257.png,0
61940.png,0
10479.png,1
35716.png,1
41068.png,0
06315.png,1
05789.png,0
76243.png,1
13402.png,0
58462.png,0
90175.png,0
54781.png,0
37621.png,1
40653.png,0
46895.png,0
51348.png,1
46735.png,1
30256.png,1
20943.png,0
82043.png,0
76890.png,0
68120.png,1
36204.png,1
14965.png,0
94031.png,1
71354.png,0
70981.png,0
20968.png,1
74390.png,1
23795.png,0
38196.png,0
67201.png,0
12504.png,1
15049.png,0
09126.png,0
36054.png,0
46130.png,1
48079.png,0
56713.png,0
35628.png,0
16857.png,0
80279.png,0
79562.png,1
16783.png,0
41903.png,1
17289.png,0
09624.png,1
68742.png,0
48517.png,0
41203.png,0
93102.png,0
18325.png,0
95831.png,0
51049.png,1
80954.png,1
52183.png,1
52164.png,0
01276.png,0
19726.png,1
41603.png,1
18529.png,1
50486.png,0
83957.png,1
14953.png,0
25067.png,1
35789.png,1
34875.png,0
60513.png,1
95048.png,0
51397.png,0
07924.png,0
87461.png,0
97213.png,1
09184.png,1
17624.png,0
38410.png,0
69128.png,0
29835.png,0
71624.png,0
07539.png,1
48925.png,1
51309.png,0
94021.png,0
96342.png,0
57821.png,1
93572.png,1
73604.png,1
89543.png,0
42759.png,1
52783.png,0
52670.png,0
64902.png,0
20654.png,0
70826.png,1
12983.png,0
75123.png,0
45108.png,1
40561.png,0
24095.png,0
78693.png,1
24769.png,0
92168.png,0
74839.png,0
04132.png,0
48173.png,1
82947.png,0
35482.png,1
72354.png,0
35216.png,1
78139.png,0
71954.png,1
56928.png,0
40987.png,1
97026.png,0
68472.png,1
75036.png,0
84179.png,0
14783.png,0
35860.png,0
02876.png,1
80764.png,1
72146.png,0
21059.png,1
49583.png,0
21706.png,1
50278.png,1
25467.png,1
96435.png,0
09756.png,0
41502.png,0
10385.png,0
10329.png,0
21650.png,0
30251.png,0
62305.png,1
31280.png,1
37096.png,0
47308.png,1
48291.png,0
06319.png,1
56910.png,1
98517.png,0
50246.png,0
25780.png,0
42078.png,1
89621.png,1
27156.png,0
63910.png,0
40529.png,0
50732.png,1
39540.png,0
24607.png,0
46193.png,1
80926.png,0
59142.png,1
28436.png,0
87219.png,1
18594.png,0
94625.png,0
87946.png,0
91083.png,0
58136.png,1
83429.png,1
02943.png,0
51726.png,1
14087.png,1
87309.png,0
76429.png,1
82719.png,1
48175.png,1
70285.png,0
84370.png,0
25340.png,0
04938.png,0
27836.png,1
79652.png,0
36175.png,0
82943.png,1
74630.png,0
42897.png,1
81764.png,0
45370.png,0
67014.png,0
51086.png,1
73984.png,1
35087.png,1
27895.png,0
16039.png,0
49863.png,0
50167.png,0
16048.png,1
41962.png,0
85093.png,0
31209.png,1
37902.png,0
20795.png,0
47029.png,1
08163.png,1
28479.png,0
39576.png,0
38654.png,0
05127.png,0
59602.png,0
42861.png,0
93168.png,0
89726.png,0
51269.png,0
70492.png,1
53096.png,0
49328.png,0
67241.png,0
49685.png,1
85902.png,0
08439.png,0
78095.png,0
32540.png,1
09648.png,0
95267.png,0
93506.png,0
21589.png,1
13976.png,1
58023.png,1
01235.png,1
51293.png,0
52863.png,1
20371.png,1
96514.png,0
37945.png,0
06795.png,1
87403.png,0
02631.png,0
64593.png,0
36821.png,1
31487.png,0
97250.png,0
87392.png,0
21780.png,1
03861.png,0
50163.png,0
14067.png,0
10579.png,1
12807.png,0
63850.png,1
60374.png,0
79605.png,0
16049.png,0
28561.png,0
08276.png,0
71509.png,1
27153.png,1
87914.png,0
78260.png,1
86250.png,1
65283.png,0
49271.png,0
69250.png,0
51864.png,1
41852.png,0
56187.png,0
90286.png,0
70841.png,0
57923.png,0
39624.png,0
87634.png,0
56721.png,1
07481.png,0
51249.png,0
21048.png,0
83571.png,0
09268.png,1
74158.png,0
05784.png,1
59708.png,0
50834.png,1
07269.png,0
97845.png,1
45219.png,0
67058.png,1
47096.png,1
09642.png,0
45603.png,1
53901.png,0
94501.png,0
62934.png,0
37129.png,0
63087.png,0
52487.png,1
47203.png,0
78406.png,0
57619.png,0
76152.png,0
52386.png,1
42806.png,1
90413.png,1
56921.png,0
32168.png,0
74563.png,1
31024.png,0
19026.png,1
09374.png,1
32947.png,0
56987.png,0
82765.png,0
08375.png,1
49682.png,1
23415.png,0
46753.png,1
38029.png,0
12956.png,0
78923.png,1
96524.png,1
47591.png,0
45023.png,0
62851.png,0
43217.png,1
69035.png,0
18432.png,0
21348.png,0
04791.png,1
67980.png,1
71358.png,0
14650.png,0
34207.png,0
76142.png,0
15936.png,0
97403.png,0
58947.png,0
53274.png,0
94078.png,1
18507.png,1
50492.png,0
52706.png,0
10759.png,0
70429.png,1
38956.png,0
64029.png,0
01256.png,1
56907.png,1
47530.png,1
54018.png,0
49671.png,1
89465.png,0
30465.png,0
21598.png,0
13548.png,1
30682.png,0
37642.png,0
70169.png,1
61825.png,0
16720.png,0
87619.png,0
35781.png,1
25438.png,0
35674.png,0
14260.png,0
54016.png,0
86597.png,0
84709.png,0
14296.png,0
01487.png,1
92407.png,1
58490.png,1
49075.png,0
07389.png,0
20718.png,1
75839.png,0
03718.png,0
36571.png,0
15420.png,0
28546.png,0
25197.png,1
06482.png,1
82413.png,1
62854.png,0
79352.png,1
05847.png,0
03257.png,1
34751.png,1
96307.png,1
52108.png,0
57608.png,0
74953.png,0
78315.png,1
31085.png,1
97258.png,0
59321.png,0
12063.png,0
59248.png,0
84592.png,1
61834.png,0
30456.png,0
89507.png,0
02674.png,1
36179.png,0
14072.png,0
43920.png,1
27913.png,0
07268.png,0
18790.png,0
98412.png,1
72145.png,0
86947.png,0
08372.png,0
79850.png,0
16389.png,1
75941.png,0
26543.png,1
28391.png,1
17459.png,0
05749.png,1
74956.png,0
81457.png,1
39408.png,1
04923.png,0
28657.png,0
35814.png,0
26087.png,1
28756.png,0
59832.png,1
07912.png,0
17905.png,0
96857.png,0
04768.png,0
45687.png,0
86730.png,0
83602.png,1
30692.png,1
83271.png,1
49802.png,0
10478.png,0
39056.png,1
51462.png,1
60398.png,0
86391.png,0
40239.png,0
57198.png,0
41908.png,0
90534.png,0
35764.png,1
79125.png,1
38641.png,0
24069.png,0
27591.png,1
17425.png,1
38046.png,0
49126.png,0
04217.png,1
57249.png,0
34075.png,0
01694.png,0
67180.png,0
73159.png,0
82179.png,0
81079.png,1
12953.png,0
70529.png,0
87621.png,0
30872.png,0
26598.png,0
36928.png,0
78921.png,0
62510.png,0
91430.png,0
17052.png,1
48306.png,0
29841.png,1
16824.png,0
58642.png,0
85023.png,0
89741.png,0
31092.png,0
26340.png,1
07194.png,0
56123.png,0
49285.png,1
63028.png,0
98314.png,0
30185.png,1
10689.png,0
08563.png,0
36570.png,0
71530.png,1
46925.png,0
58679.png,0
70123.png,1
43520.png,0
14657.png,0
60541.png,0
54690.png,1
75241.png,0
78623.png,0
67190.png,0
79658.png,0
68951.png,0
72194.png,0
64215.png,0
19420.png,0
04915.png,0
87604.png,1
71450.png,1
59601.png,1
49280.png,0
60913.png,1
23519.png,0
79234.png,0
42178.png,0
84692.png,0
73690.png,0
83206.png,1
72361.png,1
76539.png,1
10639.png,0
93428.png,0
09387.png,1
08196.png,0
16734.png,1
70592.png,1
05329.png,0
58471.png,0
64958.png,0
81532.png,0
38761.png,1
79068.png,0
75624.png,0
51602.png,0
34107.png,0
01497.png,1
45216.png,0
94067.png,1
06237.png,0
67492.png,1
65189.png,0
54376.png,0
82139.png,0
07452.png,1
41678.png,0
29506.png,1
07413.png,0
61589.png,0
32405.png,0
78492.png,1
67548.png,0
41023.png,0
16075.png,0
83914.png,1
78650.png,0
92846.png,0
61743.png,1
75648.png,0
60215.png,0
40756.png,1
64753.png,0
02854.png,1
52036.png,1
87412.png,0
42987.png,0
38714.png,0
54083.png,0
61932.png,1
20187.png,0
73498.png,1
71593.png,0
10625.png,0
15290.png,0
15083.png,0
14397.png,0
57984.png,0
08695.png,1
39051.png,1
58602.png,0
71503.png,0
43265.png,0
59470.png,1
73219.png,0
46357.png,1
09527.png,1
68259.png,0
17354.png,0
19637.png,1
35287.png,0
80971.png,0
50746.png,1
08693.png,0
56843.png,1
01653.png,0
97402.png,1
96270.png,0
21704.png,0
81203.png,1
96104.png,0
30168.png,1
73105.png,0
86175.png,0
26940.png,0
24806.png,1
23615.png,1
18469.png,1
01264.png,0
97601.png,0
43792.png,0
10947.png,0
34710.png,0
84305.png,0
79036.png,0
62018.png,0
86142.png,0
21394.png,1
94106.png,0
39170.png,0
78541.png,0
59462.png,1
68245.png,0
85670.png,0
23467.png,1
16845.png,0
18524.png,0
48153.png,0
10528.png,1
75960.png,1
02439.png,0
32081.png,0
76458.png,0
90625.png,1
72956.png,1
08531.png,0
21769.png,1
75613.png,0
54201.png,0
78293.png,1
07125.png,1
72946.png,1
19824.png,0
31287.png,0
86031.png,1
23657.png,1
82367.png,1
16903.png,1
27613.png,0
05689.png,0
91724.png,0
86543.png,1
24876.png,0
98657.png,1
60789.png,0
93081.png,0
08462.png,0
47605.png,0
19634.png,1
37298.png,1
14892.png,1
38469.png,0
52918.png,1
71682.png,0
95278.png,1
37186.png,0
57962.png,1
09814.png,1
90654.png,0
71539.png,0
34785.png,0
96701.png,1
76239.png,1
58914.png,0
36982.png,1
75193.png,1
09518.png,1
74206.png,0
38157.png,0
20438.png,0
69012.png,1
62391.png,0
24108.png,0
45207.png,1
36497.png,0
98316.png,0
47608.png,0
86104.png,1
03254.png,1
73091.png,1
61840.png,1
46175.png,0
08941.png,0
87165.png,1
53261.png,0
42638.png,0
12490.png,1
65248.png,0
83549.png,1
14852.png,0
41298.png,1
61204.png,0
47506.png,1
93246.png,0
63042.png,1
35419.png,0
91374.png,0
83517.png,0
10357.png,0
79018.png,0
27503.png,0
36850.png,1
48516.png,1
09875.png,0
76819.png,0
76583.png,1
73104.png,0
08162.png,0
13902.png,1
79104.png,0
89356.png,0
02581.png,1
06897.png,1
90846.png,0
81254.png,0
47250.png,0
37024.png,0
98726.png,1
67298.png,1
52687.png,0
96238.png,0
96513.png,1
15043.png,1
35794.png,1
87059.png,1
94732.png,1
63814.png,0
64287.png,1
76435.png,1
02185.png,0
07834.png,0
78325.png,0
70842.png,0
03472.png,1
32867.png,0
34871.png,0
78034.png,0
29438.png,1
74192.png,0
65043.png,0
63957.png,0
07218.png,1
61082.png,0
30567.png,1
17290.png,1
67132.png,0
56401.png,0
57084.png,0
79846.png,1
94638.png,0
67051.png,0
20867.png,1
29470.png,0
47359.png,1
73819.png,0
57180.png,0
90827.png,0
38961.png,0
46538.png,0
19547.png,0
84502.png,1
71492.png,0
42105.png,1
38419.png,1
26057.png,1
91674.png,1
41092.png,1
16892.png,0
50124.png,1
37649.png,0
34567.png,1
69450.png,1
82960.png,0
76038.png,0
94068.png,1
86750.png,1
84297.png,0
87054.png,1
31278.png,0
10693.png,0
36748.png,1
13596.png,0
63741.png,0
39852.png,0
29735.png,1
91476.png,1
69305.png,0
65073.png,1
15603.png,0
90318.png,0
72536.png,0
31924.png,0
89602.png,0
19537.png,1
41057.png,1
67029.png,0
52361.png,0
21453.png,1
96204.png,1
14976.png,0
54981.png,1
57132.png,0
52609.png,0
15734.png,1
64825.png,0
20931.png,0
85947.png,0
97325.png,0
31927.png,0
38210.png,0
39250.png,0
48361.png,0
19542.png,0
64905.png,0
84103.png,0
34897.png,1
09423.png,0
06749.png,0
62597.png,0
73125.png,0
13046.png,1
07134.png,0
18632.png,1
60829.png,0
24580.png,0
10436.png,1
15270.png,1
26835.png,1
89632.png,0
57913.png,1
71368.png,0
61258.png,0
31657.png,1
49120.png,1
40125.png,0
57034.png,1
49208.png,0
18290.png,1
67541.png,1
13579.png,0
48051.png,1
92578.png,0
31684.png,0
48579.png,1
05916.png,0
65217.png,0
98537.png,0
08495.png,0
37580.png,0
27986.png,0
60739.png,0
81409.png,0
85146.png,1
64137.png,0
67581.png,1
07345.png,0
85941.png,0
92038.png,0
48069.png,0
75693.png,0
37502.png,0
80214.png,0
43716.png,0
79681.png,0
12836.png,0
91385.png,0
70395.png,1
15906.png,0
20715.png,0
21073.png,0
35170.png,1
61580.png,1
59370.png,1
87902.png,1
08962.png,1
47309.png,0
73982.png,0
14829.png,1
15804.png,0
16297.png,1
69752.png,0
43569.png,1
73218.png,0
20681.png,1
12034.png,1
52607.png,1
27043.png,0
68370.png,0
81679.png,0
78294.png,0
30918.png,1
06158.png,0
10389.png,1
35178.png,1
68342.png,1
68597.png,0
06519.png,1
61345.png,0
51839.png,0
64283.png,0
69327.png,1
81063.png,0
82195.png,0
47926.png,1
40375.png,1
91453.png,0
50617.png,0
24380.png,0
71920.png,1
04735.png,0
50624.png,0
84153.png,0
45180.png,0
31786.png,0
96301.png,1
78564.png,1
67438.png,1
64127.png,0
71340.png,0
56107.png,0
19532.png,1
60234.png,0
20837.png,1
17582.png,0
76920.png,0
86251.png,0
29351.png,1
76850.png,1
89542.png,0
83205.png,0
70126.png,1
34072.png,0
14268.png,0
12549.png,0
29075.png,1
97586.png,0
08173.png,1
84125.png,0
59863.png,0
68450.png,0
72431.png,0
94065.png,0
95031.png,0
32746.png,0
92143.png,0
61892.png,1
14372.png,0
46215.png,0
40297.png,1
25386.png,0
95821.png,1
59623.png,1
53182.png,0
71048.png,0
61873.png,0
64190.png,0
67143.png,0
89756.png,0
95427.png,1
86253.png,0
93186.png,0
23045.png,0
50942.png,0
04152.png,0
40871.png,1
12389.png,1
87190.png,1
17296.png,0
46529.png,0
39156.png,1
91482.png,0
89423.png,1
76143.png,0
26438.png,1
54972.png,0
65712.png,0
84971.png,0
34068.png,0
47920.png,1
46582.png,0
84521.png,1
89367.png,0
98463.png,0
14870.png,0
28973.png,1
53694.png,1
14276.png,1
96471.png,0
52864.png,0
07164.png,0
51046.png,0
54710.png,0
46293.png,0
39504.png,0
75160.png,0
31256.png,1
16093.png,0
45819.png,1
78192.png,1
68094.png,1
52301.png,0
76582.png,0
75163.png,0
20948.png,1
61495.png,0
31096.png,0
07634.png,0
15076.png,0
01546.png,1
74021.png,1
96317.png,0
39470.png,1
96213.png,1
56189.png,0
49856.png,1
92183.png,0
82460.png,0
58129.png,0
27068.png,1
78610.png,0
29608.png,0
19487.png,0
08251.png,1
27905.png,0
15948.png,0
19268.png,1
56741.png,0
59621.png,1
70829.png,0
36248.png,1
52479.png,1
72508.png,0
54927.png,1
81273.png,0
87053.png,0
13095.png,1
31586.png,1
68025.png,1
65179.png,0
23745.png,0
57094.png,0
68913.png,1
83609.png,0
38942.png,0
96325.png,0
59316.png,1
04917.png,0
94325.png,0
92513.png,0
90756.png,0
13428.png,1
26095.png,0
01672.png,0
40815.png,0
60421.png,0
05489.png,0
34768.png,0
24783.png,1
78903.png,1
04726.png,0
25370.png,0
28459.png,0
65392.png,1
28617.png,1
27563.png,1
79864.png,0
85369.png,0
82743.png,0
46528.png,0
23759.png,1
26905.png,1
61285.png,0
58160.png,0
08471.png,1
38790.png,0
34628.png,0
81093.png,0
94017.png,1
65308.png,1
14378.png,0
08761.png,0
25416.png,0
46832.png,0
46829.png,0
51809.png,0
40632.png,0
35948.png,1
60917.png,0
50438.png,1
16254.png,1
46123.png,0
87451.png,0
53108.png,0
81540.png,1
34619.png,0
65024.png,0
90748.png,1
65147.png,0
89034.png,1
73164.png,1
80672.png,0
41623.png,0
10572.png,0
02764.png,1
95763.png,1
06345.png,0
63150.png,0
27901.png,0
09781.png,0
90247.png,1
68503.png,1
10765.png,0
20956.png,0
80649.png,0
13895.png,0
46783.png,0
19503.png,1
65187.png,0
04597.png,0
84236.png,0
81956.png,0
76549.png,0
17280.png,0
03981.png,0
81043.png,0
71236.png,0
14082.png,1
54720.png,0
83476.png,0
45179.png,0
19345.png,0
61380.png,0
19573.png,0
09321.png,0
78913.png,0
42601.png,0
46792.png,0
85324.png,1
47981.png,0
36895.png,0
84596.png,1
36872.png,1
24586.png,0
74520.png,1
48706.png,0
25107.png,1
72084.png,1
29387.png,0
72654.png,1
01483.png,0
96042.png,0
89764.png,0
01823.png,0
50823.png,0
08657.png,1
94650.png,0
87246.png,0
40819.png,1
43051.png,0
25109.png,0
16340.png,0
38756.png,0
31687.png,0
93426.png,0
10584.png,0
02894.png,0
83024.png,1
25079.png,0
16032.png,0
19205.png,0
27948.png,0
52748.png,0
08617.png,1
14523.png,0
53492.png,1
09286.png,0
72018.png,0
24178.png,0
39860.png,0
69307.png,0
64078.png,1
30165.png,1
64207.png,1
69402.png,1
70531.png,0
53187.png,0
37546.png,0
08793.png,1
80365.png,0
15642.png,1
91234.png,1
49607.png,0
75438.png,0
29173.png,0
27950.png,0
86725.png,1
97345.png,0
47159.png,1
19736.png,0
36542.png,1
29137.png,1
92710.png,0
42065.png,1
56749.png,0
60197.png,0
54370.png,0
87620.png,1
17306.png,1
03547.png,0
28431.png,0
28360.png,0
10453.png,1
27568.png,0
19308.png,0
73192.png,0
06714.png,0
47801.png,0
16973.png,0
69804.png,1
91056.png,1
35802.png,1
62578.png,1
24971.png,1
62751.png,0
63159.png,0
34097.png,1
57638.png,1
63941.png,0
25713.png,0
91457.png,0
40321.png,1
73480.png,1
58974.png,0
75269.png,1
15328.png,0
29740.png,0
41208.png,1
45802.png,1
90847.png,0
76824.png,0
74298.png,0
41503.png,0
19362.png,0
72680.png,0
34978.png,0
05976.png,0
97501.png,0
62197.png,0
16934.png,0
37924.png,1
76134.png,1
92437.png,1
15427.png,1
17082.png,1
97023.png,0
61438.png,1
10325.png,0
96730.png,0
85409.png,0
43178.png,1
75461.png,0
21836.png,0
03917.png,0
12657.png,1
89146.png,1
62308.png,0
69380.png,1
61089.png,1
52341.png,0
42876.png,0
24650.png,0
46701.png,0
38271.png,1
97103.png,0
29476.png,1
08469.png,0
43816.png,0
73465.png,1
35041.png,0
62149.png,0
84327.png,1
13476.png,0
17962.png,0
35064.png,0
54608.png,1
21309.png,1
45810.png,1
86257.png,0
57849.png,0
03291.png,1
73421.png,0
86325.png,0
29485.png,0
96230.png,0
83295.png,0
60439.png,0
98751.png,0
35780.png,0
05362.png,0
08297.png,0
92571.png,0
89504.png,1
85930.png,1
45267.png,1
39817.png,0
36025.png,1
21963.png,0
45167.png,1
83504.png,1
16723.png,1
16894.png,0
36957.png,1
28076.png,0
38742.png,0
58706.png,1
21637.png,1
82476.png,0
38215.png,0
70183.png,1
86751.png,0
32106.png,1
50237.png,1
46279.png,0
79406.png,1
09384.png,0
13592.png,0
46953.png,0
17238.png,0
60213.png,1
75629.png,0
32649.png,0
23159.png,0
80537.png,1
71630.png,1
39862.png,0
43218.png,0
29587.png,1
71986.png,0
31095.png,0
27501.png,1
78429.png,0
50462.png,1
80379.png,0
70932.png,1
67802.png,0
83145.png,0
29013.png,0
96120.png,0
13085.png,0
18045.png,1
17025.png,0
30192.png,1
19342.png,1
48705.png,1
46520.png,1
75618.png,0
72369.png,1
25683.png,0
57631.png,1
67148.png,0
51209.png,0
45182.png,1
40758.png,1
29140.png,1
02158.png,1
52018.png,1
07241.png,1
96810.png,0
92140.png,1
80195.png,1
08934.png,1
59342.png,1
74625.png,1
65708.png,0
19203.png,0
03479.png,1
43095.png,0
48715.png,0
61379.png,0
12407.png,0
92385.png,0
03629.png,0
53210.png,0
46173.png,0
13542.png,0
57346.png,0
54670.png,1
45281.png,1
57261.png,0
17643.png,0
52691.png,0
09162.png,0
58196.png,1
46973.png,0
43519.png,1
34985.png,1
31748.png,1
45671.png,1
50764.png,1
97384.png,0
63720.png,0
28175.png,1
93247.png,0
40679.png,0
38590.png,1
67205.png,0
90186.png,0
69125.png,1
72951.png,0
64280.png,0
21605.png,1
91574.png,0
95680.png,0
26375.png,0
08621.png,0
61408.png,0
90285.png,0
14968.png,1
20791.png,0
17439.png,0
24389.png,0
15394.png,0
35967.png,1
58640.png,1
85172.png,1
12648.png,1
46217.png,1
63452.png,1
45837.png,1
13624.png,0
75816.png,0
79182.png,1
91683.png,1
82104.png,1
14589.png,0
81036.png,0
17356.png,0
42597.png,0
84076.png,0
51270.png,0
91372.png,1
93615.png,0
59471.png,1
58609.png,1
26831.png,1
20374.png,1
67398.png,0
30249.png,0
37285.png,0
48651.png,0
61208.png,0
72965.png,0
38129.png,1
06759.png,1
85714.png,0
97361.png,0
37615.png,1
45103.png,0
40265.png,0
54062.png,0
21056.png,0
13607.png,0
58061.png,1
83916.png,0
84926.png,1
14598.png,0
35189.png,1
25341.png,0
75402.png,1
43852.png,0
10398.png,1
42591.png,0
46302.png,0
73620.png,0
34596.png,1
94578.png,0
81257.png,0
35890.png,0
40378.png,1
83701.png,0
21604.png,0
80714.png,0
63057.png,1
59714.png,1
08357.png,0
68329.png,0
35086.png,1
02461.png,0
25483.png,0
06378.png,1
34106.png,0
86974.png,0
83059.png,0
62705.png,1
35964.png,0
42073.png,1
85173.png,0
39785.png,1
32514.png,0
07685.png,1
89025.png,1
84790.png,0
85476.png,1
65804.png,1
76510.png,0
82756.png,1
93764.png,0
49615.png,1
60578.png,1
73581.png,1
58217.png,0
07318.png,0
48320.png,0
17469.png,0
83765.png,0
13856.png,0
80513.png,0
24083.png,1
10675.png,1
98047.png,0
06537.png,0
17086.png,0
70628.png,0
71263.png,1
95467.png,1
85243.png,0
30764.png,0
90864.png,0
34015.png,0
36710.png,0
61950.png,0
54290.png,1
83140.png,0
26153.png,1
76083.png,1
48512.png,0
71568.png,0
61702.png,0
18943.png,0
21950.png,1
10576.png,0
43857.png,0
28063.png,0
48639.png,0
50341.png,0
92085.png,0
74362.png,0
59178.png,0
94176.png,1
27915.png,0
24853.png,0
04273.png,0
67283.png,0
03728.png,0
17894.png,0
85496.png,0
12876.png,0
98367.png,1
25063.png,0
20978.png,0
37295.png,1
30296.png,1
65930.png,0
02456.png,0
39542.png,0
18450.png,0
90274.png,0
86431.png,0
05863.png,1
61723.png,1
50741.png,0
93127.png,0
91024.png,1
83207.png,0
03289.png,0
82647.png,0
02168.png,0
27810.png,1
07236.png,1
60759.png,0
32640.png,0
59701.png,0
26174.png,1
20891.png,0
51469.png,0
25731.png,0
48276.png,0
01975.png,1
17089.png,0
34152.png,1
70432.png,1
39058.png,1
69534.png,0
47368.png,0
15746.png,0
76351.png,0
28659.png,1
92645.png,1
48923.png,0
17208.png,1
05376.png,0
97531.png,1
67352.png,0
50689.png,1
60143.png,0
25498.png,1
47125.png,0
09263.png,0
49850.png,0
92831.png,0
32459.png,0
29357.png,1
59801.png,0
80613.png,0
43152.png,0
72915.png,0
64025.png,0
23059.png,0
14028.png,0
78190.png,0
79185.png,1
95874.png,0
73160.png,1
35084.png,0
42801.png,1
27059.png,1
23790.png,0
46053.png,1
75940.png,0
26579.png,0
56193.png,1
07458.png,1
75602.png,1
30982.png,0
67385.png,1
06791.png,0
52349.png,1
58916.png,0
04321.png,0
10358.png,1
71480.png,0
28491.png,0
41823.png,0
31742.png,0
09284.png,0
01924.png,1
63078.png,1
81249.png,0
17564.png,0
24109.png,0
02384.png,0
19758.png,0
32570.png,0
62057.png,0
57430.png,1
23076.png,1
65429.png,0
78314.png,1
71584.png,0
59840.png,1
58134.png,1
82761.png,1
89063.png,0
49658.png,0
59340.png,0
93512.png,1
20165.png,0
70465.png,1
67913.png,0
19670.png,0
14908.png,1
24576.png,1
67948.png,0
25760.png,0
85269.png,0
20643.png,0
62351.png,0
29354.png,0
95264.png,0
74268.png,1
68745.png,1
91530.png,0
72130.png,0
67394.png,0
92637.png,1
04637.png,0
54210.png,0
16702.png,0
51284.png,0
36892.png,1
96253.png,0
24865.png,0
14079.png,0
82740.png,0
19065.png,0
94158.png,0
28641.png,0
21674.png,1
86795.png,0
64329.png,1
32854.png,1
54831.png,0
93405.png,1
36049.png,0
09148.png,0
70231.png,0
60798.png,0
94230.png,0
49316.png,1
90728.png,1
35970.png,1
49675.png,0
89723.png,1
05874.png,0
50428.png,0
29630.png,0
04623.png,1
25497.png,1
69041.png,0
65289.png,0
31068.png,0
95718.png,0
37860.png,0
80196.png,0
76592.png,1
34521.png,0
73056.png,0
90468.png,1
39706.png,0
92854.png,0
27856.png,1
25179.png,1
39427.png,1
51089.png,1
39214.png,0
98215.png,0
15839.png,0
43087.png,0
36021.png,0
95417.png,0
80967.png,1
05369.png,0
75132.png,0
91284.png,0
94523.png,1
78231.png,0
15720.png,1
17523.png,0
32706.png,0
04379.png,0
94358.png,0
51037.png,0
10786.png,0
61754.png,0
10562.png,1
64708.png,1
27106.png,0
20317.png,1
36294.png,0
70346.png,0
61890.png,0
07354.png,0
06874.png,1
20154.png,1
87541.png,0
28735.png,1
21607.png,0
35062.png,0
45213.png,0
10793.png,0
75934.png,0
96573.png,0
27803.png,0
87523.png,0
54709.png,0
54092.png,0
63029.png,0
92430.png,1
01452.png,0
09368.png,0
58124.png,1
79162.png,0
90417.png,0
28731.png,1
38409.png,0
78405.png,1
24397.png,0
39185.png,0
98754.png,1
48270.png,0
93827.png,0
56108.png,1
98124.png,1
84736.png,1
70284.png,0
32615.png,0
80356.png,0
78532.png,1
48790.png,0
08537.png,1
19320.png,0
50491.png,1
74351.png,0
18946.png,0
70396.png,0
59487.png,1
40796.png,0
12068.png,1
16357.png,1
23968.png,0
25983.png,0
48731.png,0
32974.png,0
06987.png,0
87925.png,0
31782.png,0
72541.png,0
57982.png,0
97314.png,0
20513.png,0
61793.png,1
95263.png,1
30841.png,0
27069.png,1
80174.png,0
96183.png,1
14652.png,0
08649.png,0
53904.png,1
97824.png,0
46509.png,1
69582.png,1
92654.png,0
64839.png,1
06425.png,0
07825.png,0
31690.png,0
50371.png,0
96510.png,1
51496.png,1
08219.png,1
59627.png,0
73082.png,1
27934.png,0
30854.png,0
62457.png,1
92750.png,1
49608.png,1
07851.png,0
31849.png,0
06739.png,0
02165.png,0
64821.png,0
62374.png,0
82730.png,0
60314.png,0
05327.png,0
56248.png,1
53219.png,0
42183.png,0
26950.png,1
24986.png,0
89326.png,0
52964.png,0
17352.png,1
82693.png,1
59143.png,0
73680.png,0
38145.png,1
82156.png,0
98542.png,0
86017.png,0
29041.png,0
34057.png,0
96407.png,0
15983.png,1
50734.png,0
83246.png,1
29150.png,0
56821.png,0
46205.png,0
34250.png,1
34162.png,0
98125.png,1
94586.png,1
25178.png,1
85690.png,1
09713.png,0
21547.png,1
25376.png,0
58210.png,0
48567.png,1
20857.png,0
13675.png,1
54896.png,0
96872.png,0
92705.png,0
81027.png,1
17236.png,0
81792.png,0
51369.png,0
95186.png,0
27534.png,1
98406.png,1
86372.png,0
63798.png,0
70528.png,0
97520.png,0
50938.png,0
04126.png,1
89306.png,0
67194.png,1
12748.png,1
81724.png,0
43279.png,1
82150.png,1
29756.png,0
81026.png,0
29671.png,1
69052.png,0
79832.png,1
98531.png,1
65794.png,0
02974.png,1
70356.png,1
39012.png,1
83704.png,0
16407.png,0
31058.png,1
91027.png,1
45318.png,0
28397.png,0
90483.png,1
49327.png,1
46318.png,0
34582.png,0
53280.png,0
76341.png,0
28437.png,0
32481.png,1
37508.png,0
76415.png,0
82714.png,1
40158.png,0
84021.png,0
65703.png,0
75198.png,0
01472.png,0
97321.png,1
25984.png,1
10236.png,0
10962.png,0
40269.png,0
27360.png,0
90263.png,0
48203.png,0
24051.png,0
98724.png,1
50398.png,0
84176.png,0
25168.png,0
35894.png,1
47612.png,0
29430.png,0
61270.png,1
36254.png,0
26571.png,0
68739.png,1
74053.png,1
01854.png,1
20693.png,1
26407.png,1
14327.png,0
63185.png,1
90257.png,0
87903.png,0
32150.png,1
37609.png,0
87043.png,0
78960.png,1
08176.png,0
23065.png,0
84091.png,0
23106.png,0
04975.png,0
38509.png,0
82165.png,0
36075.png,1
72609.png,0
46853.png,0
34258.png,1
24810.png,1
28039.png,0
62147.png,0
50289.png,0
76342.png,0
01423.png,0
13620.png,1
69427.png,0
06534.png,0
31694.png,0
73248.png,0
48921.png,0
51283.png,0
17305.png,0
52698.png,0
43817.png,1
95726.png,0
89056.png,1
25847.png,1
53849.png,0
90128.png,0
15209.png,1
76914.png,1
65041.png,0
08137.png,0
87230.png,1
60257.png,1
84609.png,0
02814.png,1
28019.png,1
72984.png,1
89142.png,1
59128.png,1
94517.png,0
79140.png,0
14573.png,1
92534.png,0
96023.png,0
19653.png,1
72386.png,1
98530.png,1
38461.png,1
51694.png,1
85096.png,1
78014.png,0
78634.png,1
34598.png,1
05273.png,1
08571.png,0
17928.png,0
47320.png,0
87934.png,1
89076.png,1
40516.png,0
04629.png,0
57912.png,0
06127.png,0
64901.png,1
02657.png,1
75984.png,1
90612.png,0
17268.png,0
02471.png,0
61749.png,1
68950.png,0
18234.png,1
75920.png,0
45978.png,0
05476.png,0
01736.png,0
20159.png,0
24781.png,0
40167.png,0
56723.png,0
75846.png,1
09641.png,0
64198.png,0
59238.png,1
91286.png,0
38741.png,1
01467.png,0
25716.png,1
17358.png,1
36185.png,1
42376.png,0
71834.png,0
15920.png,1
16035.png,1
80193.png,0
70385.png,0
42187.png,0
74502.png,0
54691.png,0
87146.png,0
91584.png,0
86039.png,0
74608.png,1
47098.png,0
08317.png,0
29380.png,1
75498.png,1
34091.png,1
73619.png,1
35408.png,1
70649.png,1
81972.png,0
96083.png,0
29684.png,0
04732.png,0
19582.png,1
31284.png,0
24851.png,0
05947.png,0
51693.png,0
37491.png,0
60982.png,0
43570.png,0
63418.png,0
96081.png,1
35801.png,1
31604.png,1
56104.png,0
98346.png,0
70519.png,0
74150.png,1
52476.png,0
63920.png,0
06952.png,0
64925.png,0
72561.png,1
96037.png,0
70623.png,1
02561.png,1
41280.png,0
25381.png,0
19825.png,0
91082.png,1
43859.png,0
63859.png,0
26984.png,1
03942.png,0
90836.png,0
94256.png,0
26189.png,0
20685.png,1
26418.png,0
95780.png,0
42618.png,0
71925.png,0
27016.png,1
91072.png,0
21047.png,1
15072.png,0
97510.png,1
13748.png,0
74352.png,0
97815.png,0
26374.png,0
13970.png,0
89567.png,0
13875.png,1
01348.png,0
52681.png,1
63718.png,0
70564.png,0
63289.png,0
41368.png,1
78096.png,0
24738.png,0
79305.png,0
62357.png,0
71482.png,0
02536.png,0
82190.png,0
41875.png,1
71905.png,1
06293.png,1
87425.png,0
25768.png,0
80927.png,0
43971.png,1
24357.png,0
42970.png,0
97142.png,0
05793.png,0
51608.png,0
21385.png,1
68937.png,0
56973.png,0
79865.png,0
81374.png,1
92413.png,1
73250.png,0
28096.png,0
53642.png,0
47528.png,1
62019.png,0
75291.png,0
41782.png,0
10752.png,0
73162.png,1
01698.png,1
95326.png,1
84719.png,0
50934.png,1
43560.png,0
43162.png,1
37426.png,1
36470.png,0
17235.png,0
05824.png,0
85976.png,1
62483.png,1
45612.png,1
31605.png,0
68407.png,1
70634.png,0
42736.png,0
81759.png,1
76519.png,1
53908.png,0
39127.png,1
82163.png,1
65129.png,0
98514.png,0
08742.png,0
13528.png,1
59186.png,0
69780.png,0
01498.png,0
56472.png,0
75204.png,0
69054.png,0
58703.png,0
48513.png,0
17453.png,1
68751.png,0
53471.png,0
06715.png,0
30582.png,0
72689.png,0
86059.png,0
81942.png,1
15490.png,1
05726.png,0
57063.png,0
23154.png,0
19567.png,1
54978.png,1
84965.png,1
01746.png,0
31465.png,0
27514.png,1
48971.png,1
10539.png,0
90614.png,1
16372.png,0
98642.png,0
31527.png,0
04153.png,0
67859.png,0
35912.png,1
26378.png,0
17420.png,0
85394.png,1
30487.png,1
46095.png,0
65102.png,1
20615.png,0
52801.png,1
57203.png,0
03495.png,0
10972.png,0
07238.png,0
07261.png,1
97831.png,1
58247.png,1
98426.png,0
81576.png,1
17438.png,0
76402.png,0
74230.png,0
35924.png,0
61205.png,1
26137.png,0
39524.png,0
63129.png,1
90638.png,0
10583.png,0
96713.png,0
59123.png,0
52816.png,0
17548.png,0
80627.png,0
13570.png,0
81097.png,0
75260.png,0
54726.png,0
41983.png,0
97210.png,0
09273.png,0
37815.png,0
25314.png,1
56739.png,0
96745.png,0
63594.png,0
63451.png,0
93085.png,0
08957.png,0
85261.png,0
52168.png,0
93042.png,1
58740.png,0
96784.png,0
19406.png,1
64820.png,1
72064.png,0
34609.png,0
01743.png,0
85379.png,1
98016.png,1
09514.png,0
70948.png,1
73806.png,1
39067.png,1
86217.png,1
06147.png,0
37921.png,1
95810.png,1
70864.png,1
70912.png,0
28439.png,1
27835.png,0
47836.png,0
74963.png,0
50346.png,0
25849.png,0
23901.png,0
65201.png,0
94873.png,0
68154.png,1
83624.png,1
18379.png,0
91075.png,1
38912.png,1
65407.png,0
86207.png,0
83615.png,0
28403.png,0
53948.png,1
49173.png,0
64913.png,1
08134.png,0
10976.png,0
73508.png,0
42658.png,0
10254.png,0
37049.png,0
46021.png,1
89342.png,0
92086.png,0
42856.png,1
39861.png,0
68917.png,1
91240.png,0
24859.png,0
08423.png,0
20593.png,0
61590.png,0
68249.png,0
47289.png,0
63890.png,0
76219.png,0
02316.png,1
25807.png,0
95843.png,0
95163.png,0
76421.png,0
92064.png,1
69523.png,0
60839.png,1
52019.png,0
60985.png,1
98567.png,0
32480.png,0
84516.png,1
21083.png,0
08652.png,1
54731.png,1
36980.png,0
52439.png,1
17645.png,0
73910.png,1
02958.png,1
29308.png,1
10372.png,0
86023.png,1
52983.png,1
59871.png,1
62590.png,1
30761.png,0
91768.png,0
08591.png,0
86024.png,1
51894.png,1
26890.png,1
15809.png,0
83170.png,0
46527.png,0
54270.png,1
94870.png,0
74315.png,1
24570.png,0
36845.png,1
30684.png,0
91436.png,0
24698.png,0
47901.png,0
31847.png,1
37948.png,1
05479.png,0
56807.png,0
19072.png,0
54697.png,0
78459.png,1
83651.png,0
02975.png,0
59047.png,0
29786.png,1
59761.png,1
26507.png,0
35472.png,0
02857.png,1
05398.png,1
89156.png,1
35217.png,1
14097.png,0
30248.png,0
52407.png,1
12580.png,1
03659.png,0
95712.png,1
04729.png,0
56210.png,0
79285.png,0
65203.png,0
06514.png,0
45832.png,0
17253.png,1
84532.png,0
86172.png,1
56719.png,1
20598.png,0
91840.png,1
26784.png,1
86041.png,0
79463.png,1
29130.png,0
07159.png,0
26534.png,1
65183.png,0
28369.png,0
01943.png,1
94130.png,1
08924.png,0
52613.png,1
70613.png,0
35869.png,0
41607.png,1
35480.png,1
72514.png,0
06125.png,0
80265.png,0
89035.png,1
63472.png,0
29304.png,1
75931.png,1
92614.png,1
19085.png,0
64590.png,1
90681.png,0
37042.png,0
67849.png,0
02816.png,1
97013.png,1
04689.png,0
62573.png,1
03189.png,0
75496.png,1
62340.png,1
27014.png,0
57319.png,1
14059.png,1
10936.png,1
04295.png,0
21063.png,0
32147.png,1
97508.png,0
90817.png,1
89014.png,0
38259.png,0
58130.png,0
85192.png,0
35068.png,1
17530.png,0
60371.png,1
64935.png,0
69720.png,0
49831.png,0
12096.png,0
68309.png,1
48376.png,0
06842.png,0
36452.png,0
32781.png,0
32980.png,1
42175.png,0
35096.png,0
26371.png,0
97315.png,1
45382.png,1
54318.png,0
27981.png,0
60483.png,0
72345.png,1
78452.png,0
14297.png,0
72094.png,1
41873.png,1
86453.png,1
90564.png,1
45128.png,0
05986.png,0
98350.png,0
78219.png,0
30241.png,0
95130.png,0
75023.png,1
05614.png,1
46580.png,1
32956.png,0
16240.png,1
10384.png,0
24579.png,0
84673.png,1
61094.png,0
68324.png,1
36095.png,0
57469.png,0
01269.png,1
92817.png,1
03849.png,0
39120.png,0
57618.png,0
97436.png,1
25071.png,0
31902.png,0
03789.png,0
68294.png,0
72380.png,0
28470.png,0
02381.png,1
36210.png,0
82503.png,0
05463.png,0
09124.png,0
89613.png,0
86509.png,0
53064.png,0
21534.png,0
38962.png,0
78493.png,0
97230.png,1
19240.png,1
87016.png,0
09852.png,1
72903.png,0
59264.png,0
09468.png,1
60538.png,1
27518.png,0
98654.png,0
69057.png,1
50129.png,0
41209.png,0
87296.png,1
02538.png,0
04372.png,0
79302.png,0
37451.png,1
13470.png,0
71428.png,1
87324.png,0
92845.png,0
57302.png,1
79461.png,0
05617.png,0
54190.png,0
83560.png,0
01956.png,0
61458.png,1
03756.png,1
09765.png,0
64359.png,1
73549.png,0
87426.png,1
20395.png,0
21347.png,0
28516.png,0
23570.png,0
30819.png,0
01465.png,0
81054.png,0
60478.png,1
28157.png,0
30258.png,0
92170.png,0
64978.png,0
23859.png,1
84916.png,0
14726.png,1
62541.png,0
97685.png,0
46872.png,1
23576.png,0
53249.png,0
40312.png,0
10465.png,1
13067.png,1
46830.png,0
47625.png,0
57968.png,1
95720.png,1
35896.png,0
71502.png,0
18394.png,1
39870.png,1
17359.png,1
79062.png,1
16509.png,1
28614.png,1
62571.png,1
25174.png,0
08732.png,0
23178.png,0
86201.png,0
89153.png,0
70254.png,0
93702.png,0
78215.png,0
75601.png,0
52640.png,1
62859.png,0
42613.png,0
06823.png,1
17835.png,1
75462.png,0
73609.png,1
76894.png,0
73520.png,1
34618.png,1
31925.png,0
47982.png,0
31720.png,1
42690.png,1
40761.png,0
64705.png,0
50427.png,0
24967.png,1
30291.png,1
61537.png,0
38702.png,0
21748.png,0
01395.png,1
13924.png,0
81096.png,0
38170.png,0
82736.png,1
21387.png,0
57013.png,1
03896.png,1
50293.png,1
98723.png,1
93146.png,0
47830.png,0
65814.png,0
57162.png,1
92610.png,1
34592.png,0
83056.png,1
10278.png,0
07456.png,1
71042.png,1
47938.png,0
49061.png,0
90531.png,1
25791.png,0
98752.png,0
85346.png,0
59682.png,0
37629.png,1
34825.png,0
57481.png,0
19358.png,0
61732.png,0
68540.png,0
24791.png,0
97610.png,0
43780.png,0
47859.png,1
36875.png,1
24567.png,1
06914.png,1
61820.png,0
72605.png,1
74825.png,0
14306.png,0
24861.png,1
43609.png,0
69751.png,1
95071.png,0
94532.png,1
07412.png,1
53679.png,1
94281.png,0
07935.png,0
41358.png,0
31645.png,0
60487.png,1
28461.png,0
48307.png,0
25837.png,0
05276.png,0
28517.png,0
68193.png,0
41270.png,1
74862.png,1
12763.png,0
72810.png,0
02374.png,0
14906.png,0
51376.png,0
51730.png,0
89275.png,1
92308.png,0
16948.png,1
71089.png,1
82635.png,0
05164.png,0
75239.png,1
54891.png,1
79348.png,0
54683.png,0
92368.png,0
39102.png,0
23485.png,1
56310.png,0
42983.png,0
15208.png,1
56091.png,1
56213.png,0
12036.png,1
10395.png,0
86954.png,0
53270.png,1
71325.png,0
31270.png,0
96821.png,0
63124.png,0
19452.png,1
79146.png,0
94352.png,1
74509.png,0
65871.png,0
42836.png,1
86413.png,0
02543.png,0
35167.png,1
19678.png,1
34695.png,0
71452.png,0
07419.png,1
49701.png,1
21904.png,0
23698.png,0
13695.png,1
05832.png,0
15609.png,1
41578.png,0
14379.png,0
53812.png,1
82406.png,0
16439.png,1
07438.png,0
87436.png,1
14789.png,1
10489.png,1
92364.png,1
30785.png,0
03841.png,1
02613.png,0
09385.png,1
80941.png,0
68934.png,0
51094.png,0
81320.png,0
82963.png,1
83547.png,1
09432.png,1
91856.png,1
40621.png,0
84192.png,1
15728.png,1
34952.png,0
95184.png,0
03675.png,0
07561.png,1
02435.png,0
09238.png,0
53917.png,0
28763.png,0
82531.png,0
43701.png,1
03715.png,0
71938.png,0
91827.png,0
26803.png,0
14620.png,0
97058.png,1
42086.png,0
96405.png,0
72046.png,0
06479.png,1
36459.png,0
13657.png,0
24765.png,0
18532.png,1
72418.png,0
51789.png,0
53486.png,1
13098.png,1
25986.png,0
21859.png,0
37059.png,0
28154.png,1
24891.png,0
59026.png,1
35678.png,0
54068.png,0
91308.png,0
26980.png,0
69710.png,0
56819.png,1
01243.png,0
76104.png,1
89154.png,0
23761.png,0
09718.png,0
92078.png,0
29850.png,0
45601.png,1
71082.png,0
75649.png,0
97524.png,0
75943.png,0
26490.png,0
26715.png,0
61395.png,0
80276.png,0
02891.png,1
95214.png,0
64752.png,1
72940.png,1
47196.png,0
72461.png,0
92617.png,0
14856.png,0
52469.png,1
50467.png,0
87693.png,1
96507.png,1
65782.png,0
67024.png,1
73965.png,0
54138.png,0
43206.png,1
03794.png,1
98075.png,1
39526.png,0
82596.png,0
85094.png,0
92457.png,0
92167.png,0
57426.png,1
71635.png,0
25384.png,0
47286.png,0
52819.png,1
04765.png,1
49038.png,1
91042.png,1
69472.png,1
37465.png,0
49870.png,0
57386.png,0
34298.png,0
89617.png,0
07319.png,0
92160.png,1
31508.png,1
51802.png,1
41720.png,1
26735.png,1
31975.png,0
65824.png,1
27058.png,1
57189.png,0
46721.png,1
46138.png,1
93471.png,0
75682.png,1
46715.png,0
61093.png,0
19380.png,1
65819.png,0
24751.png,0
45831.png,0
06845.png,1
41379.png,0
51629.png,1
46358.png,1
72910.png,0
39287.png,0
04928.png,1
76953.png,0
71462.png,0
53407.png,0
60142.png,0
94132.png,0
36207.png,0
48926.png,0
58304.png,0
53628.png,0
97643.png,0
23094.png,0
43905.png,1
27965.png,1
58071.png,0
51870.png,0
93854.png,1
46970.png,1
94783.png,0
26140.png,0
04971.png,0
47698.png,0
02654.png,0
24519.png,0
49105.png,0
34780.png,0
31549.png,1
34059.png,0
97562.png,1
76283.png,0
39107.png,0
85026.png,1
90463.png,0
76148.png,1
40315.png,0
89612.png,0
23875.png,0
23408.png,0
05498.png,0
34982.png,0
50674.png,0
81047.png,0
59864.png,0
05387.png,0
79834.png,0
23907.png,1
62315.png,0
08243.png,0
60238.png,1
97625.png,0
10269.png,0
19702.png,0
87094.png,0
25913.png,0
42168.png,1
75146.png,0
62471.png,1
43025.png,1
63845.png,0
40721.png,1
25718.png,0
59327.png,0
50861.png,0
89043.png,0
59617.png,0
18364.png,0
89152.png,0
95401.png,0
94580.png,0
19258.png,1
47123.png,1
25784.png,1
25816.png,0
32164.png,1
46501.png,1
58497.png,0
78642.png,0
42163.png,1
98624.png,0
14879.png,1
59468.png,0
05926.png,1
87521.png,0
89436.png,0
42093.png,1
43652.png,0
08267.png,1
98105.png,1
65732.png,0
07219.png,0
07659.png,0
58194.png,0
97463.png,1
56019.png,0
76405.png,0
17853.png,0
38051.png,1
15820.png,1
39145.png,0
42685.png,0
41206.png,0
61730.png,0
31708.png,0
85167.png,0
56738.png,0
76358.png,1
07893.png,0
05948.png,1
43065.png,0
04813.png,1
06852.png,0
85716.png,1
98731.png,0
94083.png,0
97521.png,1
96752.png,0
46179.png,1
07623.png,0
19768.png,0
31824.png,0
37254.png,0
24713.png,0
65274.png,0
56974.png,1
91647.png,0
90742.png,1
39148.png,0
36415.png,0
16054.png,0
25907.png,0
08743.png,0
78365.png,1
95387.png,1
98716.png,1
10673.png,0
91750.png,1
98364.png,0
95208.png,0
01835.png,0
24730.png,0
41308.png,0
13745.png,0
35680.png,0
02946.png,1
23459.png,0
54289.png,0
81304.png,0
07385.png,1
58036.png,0
76923.png,0
04712.png,0
35604.png,0
70582.png,0
27308.png,1
09657.png,0
80735.png,0
93268.png,0
46793.png,0
71365.png,0
08146.png,1
42039.png,0
74951.png,0
15478.png,1
40597.png,1
14869.png,0
43216.png,1
51927.png,0
82697.png,1
21930.png,0
43610.png,1
57209.png,0
47561.png,0
36789.png,0
61725.png,1
08254.png,0
39741.png,1
75234.png,1
08241.png,0
21890.png,1
38514.png,0
03248.png,0
18362.png,1
08367.png,0
50682.png,0
14083.png,1
23054.png,1
59148.png,0
30961.png,1
82540.png,1
89126.png,1
56873.png,0
49527.png,0
45286.png,0
31408.png,0
45829.png,0
95247.png,0
29104.png,0
02967.png,0
58109.png,0
72591.png,0
54179.png,1
48751.png,1
54812.png,0
34520.png,0
43680.png,0
61532.png,0
56247.png,0
14958.png,1
49385.png,0
42783.png,0
86205.png,1
53720.png,1
75089.png,0
46231.png,1
76381.png,1
59436.png,1
98427.png,0
56789.png,0
34129.png,0
91675.png,0
20348.png,0
76532.png,1
73256.png,0
59473.png,1
89165.png,0
25013.png,1
50187.png,1
36590.png,0
28964.png,1
83579.png,1
30826.png,0
43258.png,0
86125.png,0
70561.png,1
58361.png,1
57093.png,1
94267.png,0
75016.png,0
96735.png,0
23681.png,1
25493.png,0
09482.png,1
81536.png,1
50239.png,0
29581.png,0
28450.png,0
43815.png,0
70243.png,1
35670.png,0
53817.png,0
36178.png,0
60249.png,1
02914.png,0
24630.png,0
15349.png,1
38965.png,0
47192.png,0
23456.png,1
56421.png,1
36972.png,0
61937.png,0
63589.png,0
65743.png,1
30175.png,0
81603.png,0
62843.png,0
98163.png,0
02358.png,1
16579.png,0
51076.png,0
94150.png,1
79803.png,0
98461.png,1
34576.png,1
32470.png,0
04328.png,0
31082.png,1
02735.png,0
50482.png,1
80123.png,0
35684.png,1
29046.png,0
70845.png,1
50931.png,0
38072.png,0
57183.png,0
70264.png,1
50328.png,0
53291.png,0
37450.png,1
65012.png,0
60758.png,0
82501.png,0
12843.png,0
16084.png,1
03279.png,0
71483.png,0
50918.png,0
40576.png,0
34089.png,0
51948.png,0
64093.png,1
96328.png,1
92708.png,0
37601.png,1
36214.png,1
12534.png,0
13849.png,1
83216.png,0
54793.png,1
91348.png,0
75041.png,0
69234.png,0
85472.png,0
62971.png,0
09462.png,0
94287.png,0
73615.png,0
16437.png,0
93841.png,1
30259.png,0
13842.png,0
95087.png,1
75421.png,1
73059.png,1
19304.png,0
87341.png,1
10946.png,1
45927.png,0
14859.png,0
80652.png,0
31728.png,0
40718.png,1
73980.png,0
93687.png,0
07325.png,0
81256.png,1
83756.png,0
29508.png,0
73180.png,0
41605.png,0
80567.png,0
43581.png,0
97201.png,1
97438.png,0
63520.png,1
50614.png,0
97128.png,1
54263.png,0
56134.png,0
84016.png,1
97301.png,0
92154.png,1
46918.png,1
84172.png,0
13795.png,0
03874.png,1
71506.png,0
90251.png,0
16954.png,0
23961.png,1
63924.png,1
36749.png,1
79325.png,1
70835.png,1
91853.png,1
36541.png,1
78394.png,0
36190.png,1
58917.png,0
71529.png,0
97836.png,0
78296.png,1
25948.png,0
69074.png,0
15308.png,0
39054.png,0
64890.png,0
61798.png,0
68201.png,0
23845.png,1
94581.png,0
68391.png,0
95817.png,0
36028.png,0
71430.png,1
37965.png,1
37190.png,1
35298.png,0
94615.png,1
03275.png,0
37128.png,1
56419.png,1
89526.png,1
98643.png,1
94563.png,0
64097.png,0
21435.png,0
46720.png,0
87304.png,0
40573.png,1
01756.png,0
04873.png,1
80612.png,1
97465.png,0
13042.png,0
79386.png,0
36189.png,0
34715.png,1
37256.png,0
64157.png,1
92013.png,0
93867.png,0
40351.png,0
05437.png,0
23815.png,0
46837.png,0
32076.png,0
92718.png,1
54613.png,0
23476.png,0
34157.png,0
36174.png,0
75829.png,0
05943.png,1
69134.png,1
60718.png,1
06179.png,1
38071.png,0
78931.png,0
79250.png,1
89372.png,0
34206.png,1
68349.png,1
14769.png,0
25748.png,0
54261.png,0
31625.png,0
35729.png,1
78402.png,0
02831.png,1
59304.png,0
47209.png,0
96801.png,1
14685.png,1
06712.png,0
05826.png,1
40159.png,0
90856.png,0
65789.png,0
91527.png,0
82914.png,0
32751.png,0
23198.png,1
46239.png,1
59402.png,1
71634.png,0
67831.png,0
09128.png,0
02614.png,0
52641.png,0
43856.png,0
79485.png,0
04387.png,0
03864.png,1
10857.png,0
37105.png,0
67498.png,0
01892.png,0
34872.png,1
53481.png,1
39265.png,0
71459.png,1
86237.png,0
40182.png,1
78205.png,0
52106.png,0
97502.png,0
76538.png,0
04267.png,1
95764.png,1
09618.png,0
81450.png,1
19563.png,0
51023.png,0
62097.png,0
53268.png,1
72451.png,0
16759.png,1
46075.png,1
24317.png,0
93548.png,0
89437.png,1
82946.png,1
31094.png,1
48520.png,0
92568.png,0
92814.png,1
18759.png,1
74615.png,0
01734.png,0
80156.png,1
68137.png,0
71863.png,1
03186.png,0
74930.png,1
48170.png,1
18204.png,0
73152.png,1
63758.png,0
03751.png,0
97261.png,0
74562.png,1
86593.png,0
05231.png,0
65981.png,1
96184.png,0
73259.png,0
02576.png,0
45109.png,0
19834.png,1
52437.png,0
16438.png,0
98603.png,1
65817.png,1
75381.png,1
67325.png,0
13086.png,1
52631.png,1
75360.png,1
67059.png,1
48125.png,1
94605.png,0
07294.png,1
57418.png,0
32015.png,1
15374.png,0
02537.png,0
19302.png,0
25693.png,0
54931.png,1
81943.png,0
92041.png,1
30569.png,0
83905.png,0
15278.png,0
30859.png,0
58739.png,0
70459.png,0
90618.png,1
29635.png,0
42851.png,0
64128.png,0
20543.png,1
85147.png,0
63580.png,0
64520.png,0
82793.png,0
90576.png,0
61570.png,1
05761.png,0
84013.png,0
06892.png,0
78062.png,1
82094.png,0
34216.png,0
27914.png,0
98057.png,0
89517.png,1
01643.png,0
78915.png,0
08961.png,1
20459.png,1
39482.png,0
71083.png,0
13506.png,1
34795.png,1
53624.png,0
87519.png,1
40726.png,0
70941.png,0
08517.png,0
65739.png,0
74326.png,0
39854.png,0
25318.png,1
26381.png,1
72580.png,0
36524.png,1
61028.png,1
74832.png,0
13802.png,1
48091.png,1
18526.png,0
26750.png,0
84527.png,1
09176.png,0
20356.png,0
72610.png,0
29056.png,0
12358.png,0
04361.png,1
78930.png,0
89067.png,1
74892.png,0
43690.png,0
63207.png,0
06793.png,0
63902.png,1
27150.png,0
69418.png,0
98246.png,1
38217.png,0
67021.png,1
41756.png,1
61482.png,0
97051.png,1
20913.png,0
86072.png,0
05642.png,0
51903.png,1
80317.png,0
74215.png,1
68390.png,1
97821.png,0
78924.png,0
91486.png,1
04861.png,0
85329.png,0
64138.png,0
95872.png,0
85410.png,0
56948.png,0
19032.png,0
58649.png,1
27490.png,0
13289.png,0
03875.png,1
01527.png,0
72981.png,0
76821.png,0
57914.png,0
43521.png,1
37569.png,1
62047.png,0
17248.png,0
15267.png,0
38201.png,0
32069.png,0
91432.png,1
52870.png,0
02156.png,0
30648.png,0
37498.png,0
93016.png,1
27806.png,0
69130.png,0
14236.png,0
49613.png,0
27956.png,1
24319.png,0
05619.png,1
18504.png,0
26478.png,0
78534.png,0
69085.png,1
25634.png,0
15260.png,0
82169.png,0
19427.png,0
13492.png,0
30714.png,0
80614.png,0
71259.png,0
65092.png,0
75031.png,0
61538.png,0
10547.png,1
95274.png,0
36741.png,0
07286.png,0
01329.png,1
65892.png,0
38976.png,0
28476.png,0
43826.png,1
87096.png,0
24687.png,0
92876.png,0
91627.png,0
79624.png,0
96087.png,0
29614.png,1
07692.png,1
64089.png,1
37864.png,0
48039.png,0
61905.png,1
07356.png,0
48310.png,1
39842.png,0
01529.png,0
93502.png,1
21740.png,1
57893.png,0
65478.png,1
89137.png,0
47529.png,0
10932.png,0
97283.png,0
73416.png,0
10792.png,0
76094.png,1
76931.png,0
70658.png,0
89523.png,1
68204.png,0
67129.png,1
04675.png,0
90718.png,1
47350.png,1
24835.png,1
15964.png,1
87120.png,0
87365.png,1
41573.png,1
94015.png,1
37251.png,0
03482.png,0
68943.png,0
30942.png,1
73598.png,0
82310.png,0
63074.png,0
68973.png,1
17326.png,1
09561.png,0
72459.png,1
06973.png,0
15062.png,0
09138.png,1
26170.png,0
54971.png,0
12430.png,0
61420.png,1
57412.png,1
65730.png,1
79314.png,1
04156.png,0
57120.png,1
79043.png,0
76840.png,1
74805.png,1
20869.png,1
76843.png,1
26183.png,0
47390.png,0
13697.png,0
54837.png,1
48725.png,1
79168.png,0
81947.png,0
53782.png,1
83760.png,0
39528.png,1
79328.png,0
10459.png,0
67354.png,0
10458.png,0
27163.png,1
25687.png,0
93647.png,0
12356.png,0
84361.png,0
74801.png,1
76495.png,1
94251.png,1
19836.png,1
08126.png,0
74218.png,1
97204.png,1
02647.png,0
03172.png,0
26018.png,0
06948.png,0
58607.png,0
27391.png,1
60549.png,0
23578.png,0
96421.png,0
23581.png,1
81529.png,0
47960.png,1
13590.png,1
76108.png,0
26945.png,0
90461.png,0
85307.png,1
73516.png,1
04718.png,0
06597.png,0
26841.png,0
73518.png,1
87416.png,0
95201.png,1
37560.png,0
17093.png,0
35607.png,0
72850.png,0
90834.png,0
08234.png,1
65238.png,0
69873.png,0
17932.png,1
87364.png,0
60973.png,0
92641.png,1
46850.png,0
16502.png,0
71586.png,0
41523.png,0
72834.png,0
72305.png,0
23854.png,0
01962.png,0
64291.png,0
34081.png,1
75231.png,1
34219.png,0
74361.png,1
68213.png,0
47189.png,1
23910.png,0
35647.png,0
85920.png,1
89761.png,1
02153.png,0
52649.png,1
65017.png,0
70362.png,0
80539.png,0
79853.png,0
54679.png,0
71942.png,1
56219.png,0
87596.png,0
03128.png,1
36120.png,0
86145.png,0
21973.png,1
73496.png,0
86293.png,0
65231.png,0
95021.png,0
25478.png,1
91483.png,0
72160.png,0
51783.png,0
39625.png,1
62354.png,0
01349.png,1
03962.png,0
67048.png,0
58631.png,1
45320.png,0
58417.png,0
65904.png,1
05612.png,0
20957.png,0
17294.png,0
52614.png,0
03947.png,1
51498.png,1
38105.png,0
37681.png,1
43207.png,1
70125.png,0
56048.png,1
12059.png,1
42173.png,0
50368.png,0
86540.png,1
26405.png,0
28160.png,0
58367.png,0
47826.png,1
40512.png,1
41638.png,0
89527.png,0
47809.png,1
76419.png,0
67481.png,1
36924.png,0
09824.png,1
65704.png,0
52938.png,0
69312.png,0
20539.png,0
26014.png,1
93280.png,1
01579.png,1
12750.png,0
16458.png,0
48021.png,0
72801.png,0
91765.png,0
72901.png,0
10574.png,0
59732.png,1
17842.png,0
23407.png,0
43812.png,1
08175.png,0
78539.png,0
36481.png,1
98345.png,0
73816.png,0
14625.png,1
63572.png,0
34591.png,0
18397.png,1
09738.png,0
34629.png,0
85327.png,1
64982.png,0
48031.png,0
27185.png,0
69205.png,1
19604.png,1
28945.png,0
48196.png,0
57142.png,1
48927.png,0
47259.png,0
07239.png,0
64293.png,0
09623.png,0
48976.png,1
64273.png,1
30782.png,0
06824.png,1
53706.png,0
56827.png,0
47628.png,0
34680.png,1
36781.png,0
96381.png,0
48263.png,1
85107.png,0
28173.png,1
17603.png,1
75801.png,0
93087.png,0
85970.png,0
30196.png,0
60379.png,0
49680.png,0
86043.png,0
17609.png,0
19206.png,1
80134.png,0
31290.png,0
19457.png,0
69410.png,0
41907.png,0
67342.png,1
07984.png,1
75680.png,1
06825.png,1
47510.png,0
85126.png,0
51973.png,0
03468.png,0
93524.png,0
45923.png,1
59240.png,0
73146.png,0
26708.png,0
43082.png,1
94780.png,1
49652.png,1
15037.png,1
97426.png,0
21038.png,1
16927.png,0
34109.png,1
82016.png,1
34815.png,0
24870.png,1
14278.png,0
58473.png,0
80179.png,0
10653.png,0
74312.png,0
41652.png,0
46271.png,1
37416.png,1
23046.png,1
26307.png,0
15203.png,0
96182.png,0
85316.png,0
23760.png,1
25361.png,0
85793.png,0
93024.png,0
50684.png,0
48605.png,0
36089.png,0
10985.png,0
53618.png,1
52473.png,0
91037.png,0
34295.png,0
87625.png,1
87453.png,1
32897.png,0
70269.png,0
94507.png,0
61904.png,1
36540.png,0
45069.png,1
81509.png,0
60981.png,1
45017.png,0
36915.png,0
05928.png,0
97826.png,0
42170.png,0
51073.png,0
20485.png,0
37628.png,1
18542.png,1
96208.png,0
24573.png,0
23841.png,0
24157.png,0
13482.png,0
26357.png,0
45608.png,0
02845.png,0
34765.png,1
83415.png,0
08369.png,0
58170.png,0
32794.png,0
65389.png,1
98526.png,0
82704.png,0
92104.png,0
98071.png,0
57986.png,0
48316.png,0
92735.png,0
93165.png,1
09213.png,1
34970.png,1
74091.png,0
58309.png,0
37619.png,1
40569.png,0
39465.png,0
02716.png,0
03691.png,0
98243.png,1
83490.png,0
90315.png,1
85392.png,1
47391.png,0
49723.png,0
30162.png,0
35289.png,0
79124.png,1
59817.png,1
41856.png,0
35724.png,0
19062.png,0
92365.png,1
10853.png,0
02853.png,1
40821.png,0
91345.png,1
40927.png,0
28590.png,1
96583.png,0
08954.png,0
06513.png,0
13495.png,0
59217.png,0
45120.png,0
76305.png,0
94602.png,0
15892.png,1
95062.png,1
62941.png,0
36401.png,0
02951.png,0
25137.png,0
50876.png,1
74025.png,0
80935.png,0
52483.png,1
02371.png,0
90516.png,1
09587.png,0
13692.png,0
34586.png,0
46051.png,0
81467.png,0
61280.png,0
72014.png,1
73128.png,1
82609.png,1
80976.png,0
41078.png,1
14096.png,0
42763.png,1
40293.png,1
38019.png,0
94876.png,0
46732.png,0
17849.png,1
52970.png,0
35160.png,0
70496.png,0
61097.png,0
86351.png,1
46375.png,0
63985.png,1
23187.png,0
30257.png,0
57681.png,0
43791.png,1
20936.png,0
93578.png,1
63250.png,0
27603.png,1
97683.png,0
10596.png,0
38164.png,0
46831.png,0
28146.png,0
49152.png,0
17386.png,0
61037.png,1
05649.png,0
71320.png,1
76524.png,1
56418.png,0
48213.png,1
09187.png,1
81305.png,1
53879.png,1
31706.png,1
58312.png,1
72489.png,1
31048.png,1
58743.png,1
96470.png,1
79128.png,1
09364.png,1
68527.png,0
61827.png,1
63804.png,1
07431.png,0
81279.png,1
64015.png,1
27083.png,1
14603.png,1
02719.png,1
47369.png,1
93761.png,0
53102.png,0
68517.png,1
75408.png,0
46152.png,0
67528.png,0
70934.png,1
71602.png,0
49136.png,0
90351.png,1
68145.png,1
97832.png,0
10852.png,0
93468.png,0
07965.png,1
92603.png,0
01258.png,0
70512.png,0
45029.png,0
52914.png,0
92405.png,1
08964.png,1
65149.png,0
83927.png,1
85239.png,0
98762.png,0
31649.png,1
10829.png,1
01236.png,0
96820.png,0
76528.png,0
13865.png,1
19370.png,0
43198.png,1
06875.png,0
06275.png,0
98271.png,1
90648.png,1
82396.png,0
84379.png,0
35074.png,1
91862.png,1
52796.png,0
21479.png,0
62840.png,1
94081.png,0
62413.png,1
08671.png,0
42967.png,0
67801.png,1
16587.png,0
54039.png,1
69025.png,1
95801.png,1
87539.png,1
63981.png,1
79423.png,1
85429.png,1
05782.png,1
59678.png,1
38094.png,1
20538.png,1
84069.png,1
89534.png,1
54389.png,1
12546.png,1
17308.png,1
51497.png,1
80453.png,1
63281.png,1
36804.png,1
53048.png,1
15093.png,1
68431.png,1
98276.png,1
26839.png,1
19275.png,1
30245.png,1
72604.png,1
84059.png,1
96704.png,1
45806.png,1
80965.png,1
90572.png,1
67309.png,1
85936.png,1
06489.png,1
43928.png,1
93786.png,1
21653.png,1
79024.png,1
17953.png,1
27864.png,1
26493.png,1
15768.png,1
95283.png,1
93142.png,1
62409.png,1
39816.png,1
14329.png,1
24593.png,1
83719.png,1
53682.png,1
12547.png,1
87564.png,1
46730.png,1
46295.png,1
96302.png,1
91730.png,1
41802.png,1
79138.png,1
87065.png,1
78094.png,1
57831.png,1
12873.png,1
27038.png,1
50873.png,1
56304.png,1
85190.png,1
34876.png,1
85139.png,1
28046.png,1
52708.png,1
37425.png,1
87936.png,1
84291.png,1
52947.png,1
06584.png,1
78015.png,1
31059.png,1
34179.png,1
87592.png,1
17528.png,1
40967.png,1
90342.png,1
10258.png,1
10682.png,1
90725.png,1
56438.png,0
24875.png,0
53810.png,0
46907.png,0
46578.png,0
54130.png,1
67582.png,1
20381.png,1
47592.png,1
94178.png,1
49836.png,1
16538.png,1
06349.png,1
68592.png,1
05942.png,1
30267.png,1
89503.png,1
47358.png,1
20497.png,1
25310.png,1
49867.png,1
94087.png,1
37980.png,1
61823.png,1
20196.png,1
15280.png,1
60539.png,1
01245.png,1
28691.png,1
56830.png,1
21749.png,1
56417.png,1
45189.png,1
25971.png,1
16208.png,1
05736.png,1
30597.png,1
15647.png,1
40592.png,1
47589.png,1
23174.png,1
14078.png,1
63041.png,1
24907.png,1
04579.png,1
95714.png,1
89406.png,1
52486.png,1
06859.png,1
15407.png,1
36578.png,1
50397.png,1
41305.png,1
62814.png,1
26394.png,1
13764.png,1
57693.png,1
47865.png,1
45203.png,1
93187.png,1
08275.png,1
